,아파트명,면적,법정동주소,도로명주소,세대수,임대세대수,공급면적,전용면적,전용율,방수,욕실수,해당면적_세대수,가격,매매호가,전세호가,월세호가,실거래가
0,SK북한산시티,81A㎡,서울시 강북구 미아동 1353,서울시 강북구 솔샘로 174,3830.0,0.0,81.53,59.98,74,3,2,1195,59000.0,"5억 5,000~7억 9,000","2억 2,000~5억","5,000/120~3억/40","5,000/120~3억/40"
1,SK북한산시티,109㎡,서울시 강북구 미아동 1353,서울시 강북구 솔샘로 174,3830.0,0.0,109.28,84.76,78,3,2,760,71000.0,"6억 9,500~8억 8,000","3억 5,000~5억","7,000/120~3억/55","7,000/120~3억/55"
2,SK북한산시티,111C㎡,서울시 강북구 미아동 1353,서울시 강북구 솔샘로 174,3830.0,0.0,111.06,84.92,76,3,2,442,71000.0,"6억 8,000~8억 8,000","3억 9,000~4억 8,000","7,000/150~2억 5,000/60","7,000/150~2억 5,000/60"
3,SK북한산시티,111A㎡,서울시 강북구 미아동 1353,서울시 강북구 솔샘로 174,3830.0,0.0,111.31,84.86,76,3,2,292,71000.0,"6억 8,000~9억","3억 7,000~4억 5,000",1억/150~4억/30,1억/150~4억/30
4,SK북한산시티,111B㎡,서울시 강북구 미아동 1353,서울시 강북구 솔샘로 174,3830.0,0.0,111.12,84.71,76,3,2,292,71000.0,"6억 5,000~8억 5,500","3억 2,000~4억 5,000","5,000/170","5,000/170"
5,SK북한산시티,142,서울시 강북구 미아동 1353,서울시 강북구 솔샘로 174,3830.0,0.0,142.21,114.85,81,4,2,849,87500.0,"7억 8,000~9억 8,000","4억 3,000~6억","5,000/170~4억/50","5,000/170~4억/50"
0,경남아너스빌(1356),87㎡,서울시 강북구 미아동 1356,서울시 강북구 오패산로30길 30,860.0,0.0,87.18,59.96,69,3,1,202,,"6억 3,000~8억 2,000","4억~4억 6,000",3억/30~4억/20,3억/30~4억/20
1,경남아너스빌(1356),109㎡,서울시 강북구 미아동 1356,서울시 강북구 오패산로30길 30,860.0,0.0,109.48,84.87,78,3,2,461,59000,"8억~9억 5,000","4억 9,000~6억","5,000/200~4억/50","5,000/200~4억/50"
2,경남아너스빌(1356),142,서울시 강북구 미아동 1356,서울시 강북구 오패산로30길 30,860.0,0.0,142.86,114.92,80,4,2,197,,"9억~10억 2,000",,2억/150,2억/150
0,경남아너스빌(796),86㎡,서울시 강북구 미아동 796,서울시 강북구 삼양로74길 8,208.0,0.0,86.81,62.71,72,3,2,27,,,,,
1,경남아너스빌(796),102㎡,서울시 강북구 미아동 796,서울시 강북구 삼양로74길 8,208.0,0.0,102.02,81.98,80,3,2,30,59000,"7억 5,000","5억 3,000",,
2,경남아너스빌(796),108A㎡,서울시 강북구 미아동 796,서울시 강북구 삼양로74길 8,208.0,0.0,108.38,84.91,78,3,2,109,,"7억 8,000~9억",,,
3,경남아너스빌(796),108B㎡,서울시 강북구 미아동 796,서울시 강북구 삼양로74길 8,208.0,0.0,108.18,84.87,78,3,2,15,71000,,,,
4,경남아너스빌(796),108C㎡,서울시 강북구 미아동 796,서울시 강북구 삼양로74길 8,208.0,0.0,108.91,84.93,78,3,2,15,71000,"7억 7,000~7억 9,000",4억,"3억 5,000/50","3억 5,000/50"
5,경남아너스빌(796),109,서울시 강북구 미아동 796,서울시 강북구 삼양로74길 8,208.0,0.0,109.73,84.98,77,3,2,12,71000,9억,,,
0,그린힐빌라트,160㎡,서울시 강북구 미아동 198-36,서울시 강북구 솔매로 147-12,19.0,0.0,160.92,148.54,92,4,2,18,,"8억~8억 5,000",,,
1,그린힐빌라트,215,서울시 강북구 미아동 198-36,서울시 강북구 솔매로 147-12,19.0,0.0,215.47,198.95,92,4,2,1,59000,13억,,,
0,꿈의숲롯데캐슬,83C㎡,서울시 강북구 미아동 4,서울시 강북구 오현로 56,615.0,105.0,83.42,59.99,72,3,2,55,71000.0,"7억 7,000~9억 4,000","5억~5억 1,000",,
1,꿈의숲롯데캐슬,83A㎡,서울시 강북구 미아동 4,서울시 강북구 오현로 56,615.0,105.0,83.59,59.97,72,3,2,22,71000.0,"7억 5,000~9억 8,000","4억 5,000",,
2,꿈의숲롯데캐슬,85B㎡,서울시 강북구 미아동 4,서울시 강북구 오현로 56,615.0,105.0,85.07,59.98,71,3,2,23,71000.0,"7억 8,000~10억",,,
3,꿈의숲롯데캐슬,106B㎡,서울시 강북구 미아동 4,서울시 강북구 오현로 56,615.0,105.0,106.33,84.98,80,3,2,176,87500.0,"10억 5,000~12억 5,000","5억 3,000~6억",1억/200~4억/110,1억/200~4억/110
4,꿈의숲롯데캐슬,107A㎡,서울시 강북구 미아동 4,서울시 강북구 오현로 56,615.0,105.0,107.61,84.98,79,3,2,182,,"8억 9,000~12억","5억 5,000~5억 8,000",1억/200~2억/170,1억/200~2억/170
5,꿈의숲롯데캐슬,107C㎡,서울시 강북구 미아동 4,서울시 강북구 오현로 56,615.0,105.0,107.49,84.98,79,3,2,24,71000,10억,,,
6,꿈의숲롯데캐슬,116T㎡,서울시 강북구 미아동 4,서울시 강북구 오현로 56,615.0,105.0,116.85,84.97,73,3,2,4,,,,,
7,꿈의숲롯데캐슬,130,서울시 강북구 미아동 4,서울시 강북구 오현로 56,615.0,105.0,130.1,104.53,80,4,2,24,,13억~14억,8억,1억/290,1억/290
0,꿈의숲한신더휴,76㎡,서울시 강북구 미아동 3-111번지 일대,서울시 강북구 오패산로 202,203.0,0.0,76.89,55.8,73,3,2,4,,,"4억 3,000",,
1,꿈의숲한신더휴,82B㎡,서울시 강북구 미아동 3-111번지 일대,서울시 강북구 오패산로 202,203.0,0.0,82.23,59.98,73,3,2,74,59000,8억,5억,"3억 5,000/70","3억 5,000/70"
2,꿈의숲한신더휴,82A㎡,서울시 강북구 미아동 3-111번지 일대,서울시 강북구 오패산로 202,203.0,0.0,82.56,59.98,73,3,2,52,,,,,
3,꿈의숲한신더휴,84D㎡,서울시 강북구 미아동 3-111번지 일대,서울시 강북구 오패산로 202,203.0,0.0,84.9,84.9,100,3,2,6,87500,,6억,,
4,꿈의숲한신더휴,102㎡,서울시 강북구 미아동 3-111번지 일대,서울시 강북구 오패산로 202,203.0,0.0,102.61,75.96,74,3,2,40,71000,,"5억 6,000",,
5,꿈의숲한신더휴,114C㎡,서울시 강북구 미아동 3-111번지 일대,서울시 강북구 오패산로 202,203.0,0.0,114.16,84.96,74,3,2,13,71000,,,"2,000/60","2,000/60"
6,꿈의숲한신더휴,114A㎡,서울시 강북구 미아동 3-111번지 일대,서울시 강북구 오패산로 202,203.0,0.0,114.85,84.81,74,3,2,7,71000,,,,
7,꿈의숲한신더휴,115B,서울시 강북구 미아동 3-111번지 일대,서울시 강북구 오패산로 202,203.0,0.0,115.08,84.89,74,3,2,7,71000,,,,
0,꿈의숲해링턴플레이스,62㎡,서울시 강북구 미아동 1369,서울시 강북구 오현로 45,1028.0,88.0,62.37,46.68,75,2,1,6,87500.0,"6억 9,000~8억",,,
1,꿈의숲해링턴플레이스,65㎡,서울시 강북구 미아동 1369,서울시 강북구 오현로 45,1028.0,88.0,65.64,49.48,75,2,1,6,,"7억 4,000~7억 5,000",,,
2,꿈의숲해링턴플레이스,77A㎡,서울시 강북구 미아동 1369,서울시 강북구 오현로 45,1028.0,88.0,77.37,59.36,77,3,2,226,,"8억 3,000~9억 5,000","4억 5,000~5억",3억/80,3억/80
3,꿈의숲해링턴플레이스,78B㎡,서울시 강북구 미아동 1369,서울시 강북구 오현로 45,1028.0,88.0,78.79,59.74,76,3,2,24,,"8억 8,500","4억 3,000~4억 8,000","2억/105~2억 5,000/105","2억/105~2억 5,000/105"
4,꿈의숲해링턴플레이스,80C㎡,서울시 강북구 미아동 1369,서울시 강북구 오현로 45,1028.0,88.0,80.39,59.88,74,3,2,19,,"8억 6,000~8억 9,500",,,
5,꿈의숲해링턴플레이스,109A㎡,서울시 강북구 미아동 1369,서울시 강북구 오현로 45,1028.0,88.0,109.22,84.67,78,3,2,451,59000,"9억 3,000~13억","4억 7,000~6억 5,000","1억/200~4억 5,000/60","1억/200~4억 5,000/60"
6,꿈의숲해링턴플레이스,109D㎡,서울시 강북구 미아동 1369,서울시 강북구 오현로 45,1028.0,88.0,109.67,84.36,77,3,2,21,71000,,,,
7,꿈의숲해링턴플레이스,110C㎡,서울시 강북구 미아동 1369,서울시 강북구 오현로 45,1028.0,88.0,110.47,84.88,77,3,2,48,71000,"9억 8,000~12억 3,000","6억~6억 5,000",,
8,꿈의숲해링턴플레이스,110B㎡,서울시 강북구 미아동 1369,서울시 강북구 오현로 45,1028.0,88.0,110.01,84.86,77,3,2,45,,"10억 2,000~12억 5,000","6억 5,000",1억/200,1억/200
9,꿈의숲해링턴플레이스,130㎡,서울시 강북구 미아동 1369,서울시 강북구 오현로 45,1028.0,88.0,130.1,99.93,77,3,2,76,71000,12억~14억,"6억 8,000~7억",,
10,꿈의숲해링턴플레이스,149,서울시 강북구 미아동 1369,서울시 강북구 오현로 45,1028.0,88.0,149.56,115.61,77,4,2,18,71000,16억,,,
0,대성,56㎡,서울시 강북구 미아동 258-601,서울시 강북구 오패산로 260,168.0,0.0,56.58,36.72,65,3,1,6,,,,,
1,대성,63A㎡,서울시 강북구 미아동 258-601,서울시 강북구 오패산로 260,168.0,0.0,63.78,42.12,66,3,2,6,,,,,
2,대성,66B㎡,서울시 강북구 미아동 258-601,서울시 강북구 오패산로 260,168.0,0.0,66.66,44.28,66,3,2,66,71000,,,,
3,대성,84A㎡,서울시 강북구 미아동 258-601,서울시 강북구 오패산로 260,168.0,0.0,84.54,57.96,69,3,2,36,71000,,,,
4,대성,85B,서울시 강북구 미아동 258-601,서울시 강북구 오패산로 260,168.0,0.0,85.98,59.04,69,3,1,54,59000,,,,
0,도시공간(도시형),36㎡,서울시 강북구 미아동 218-21,서울시 강북구 도봉로65길 40-3,14.0,0.0,36,29.28,81,1,1,1,,,,,
1,도시공간(도시형),40㎡,서울시 강북구 미아동 218-21,서울시 강북구 도봉로65길 40-3,14.0,0.0,40.23,32.73,81,1,1,3,59000,,,,
2,도시공간(도시형),48㎡,서울시 강북구 미아동 218-21,서울시 강북구 도봉로65길 40-3,14.0,0.0,48.34,39.32,81,1,1,1,,,,,
3,도시공간(도시형),50A㎡,서울시 강북구 미아동 218-21,서울시 강북구 도봉로65길 40-3,14.0,0.0,50.35,40.97,81,2,1,4,71000,,,,
4,도시공간(도시형),52B㎡,서울시 강북구 미아동 218-21,서울시 강북구 도봉로65길 40-3,14.0,0.0,52.69,42.87,81,2,1,1,71000,,,,
5,도시공간(도시형),53A㎡,서울시 강북구 미아동 218-21,서울시 강북구 도봉로65길 40-3,14.0,0.0,53.02,43.14,81,2,1,1,71000,,,,
6,도시공간(도시형),55B,서울시 강북구 미아동 218-21,서울시 강북구 도봉로65길 40-3,14.0,0.0,55.11,44.84,81,2,1,3,71000,,,,
0,동아하이빌,32㎡,서울시 강북구 미아동 192-16,서울시 강북구 덕릉로30길 85,13.0,0.0,32.65,28.86,88,1,1,3,,,,,
1,동아하이빌,52㎡,서울시 강북구 미아동 192-16,서울시 강북구 덕릉로30길 85,13.0,0.0,52.6,46.5,88,2,1,1,59000,,,,
2,동아하이빌,59㎡,서울시 강북구 미아동 192-16,서울시 강북구 덕릉로30길 85,13.0,0.0,59.04,52.18,88,2,1,1,,,,,
3,동아하이빌,71㎡,서울시 강북구 미아동 192-16,서울시 강북구 덕릉로30길 85,13.0,0.0,71.88,63.54,88,3,1,1,71000,,,,
4,동아하이빌,88A㎡,서울시 강북구 미아동 192-16,서울시 강북구 덕릉로30길 85,13.0,0.0,88.48,78.21,88,3,2,1,71000,,,,
5,동아하이빌,88B㎡,서울시 강북구 미아동 192-16,서울시 강북구 덕릉로30길 85,13.0,0.0,88.99,78.66,88,3,2,1,71000,,,,
6,동아하이빌,93㎡,서울시 강북구 미아동 192-16,서울시 강북구 덕릉로30길 85,13.0,0.0,93.11,82.3,88,3,2,1,71000,"4억 2,500",,,
7,동아하이빌,96A㎡,서울시 강북구 미아동 192-16,서울시 강북구 덕릉로30길 85,13.0,0.0,96.02,84.88,88,3,2,2,87500,,,,
8,동아하이빌,96B,서울시 강북구 미아동 192-16,서울시 강북구 덕릉로30길 85,13.0,0.0,96.11,84.96,88,3,2,2,,"5억 5,500",,,
0,두산위브트레지움,84D㎡,서울시 강북구 미아동 811,서울시 강북구 삼양로27길 95,1370.0,234.0,84.94,59.54,70,3,2,114,59000.0,"8억~8억 9,000",,,
1,두산위브트레지움,85B㎡,서울시 강북구 미아동 811,서울시 강북구 삼양로27길 95,1370.0,234.0,85.23,59.82,70,3,2,77,,"7억~8억 7,000",4억,,
2,두산위브트레지움,86A㎡,서울시 강북구 미아동 811,서울시 강북구 삼양로27길 95,1370.0,234.0,86.88,59.99,69,3,2,82,,"6억 7,000~8억 1,000","4억~4억 2,000",,
3,두산위브트레지움,86C㎡,서울시 강북구 미아동 811,서울시 강북구 삼양로27길 95,1370.0,234.0,86.28,59.68,69,3,2,13,71000,,,,
4,두산위브트레지움,110B㎡,서울시 강북구 미아동 811,서울시 강북구 삼양로27길 95,1370.0,234.0,110.87,84.97,77,3,2,264,71000,9억~11억,"4억 7,000~5억 5,000",,
5,두산위브트레지움,110D㎡,서울시 강북구 미아동 811,서울시 강북구 삼양로27길 95,1370.0,234.0,110.31,84.95,77,3,2,38,87500,10억,,,
6,두산위브트레지움,111A㎡,서울시 강북구 미아동 811,서울시 강북구 삼양로27길 95,1370.0,234.0,111.42,84.99,76,3,2,265,71000,"8억 5,000~10억 5,000","4억 5,000~5억 2,000","1억/160~2억 5,000/100","1억/160~2억 5,000/100"
7,두산위브트레지움,111F㎡,서울시 강북구 미아동 811,서울시 강북구 삼양로27길 95,1370.0,234.0,111.73,84.97,76,3,2,56,,10억,,,
8,두산위브트레지움,111C㎡,서울시 강북구 미아동 811,서울시 강북구 삼양로27길 95,1370.0,234.0,111.25,84.92,76,3,2,40,71000,"10억 5,000",,,
9,두산위브트레지움,112E㎡,서울시 강북구 미아동 811,서울시 강북구 삼양로27길 95,1370.0,234.0,112.27,84.99,76,3,2,64,,"10억 5,000","4억 7,000~5억 2,000",,
10,두산위브트레지움,145,서울시 강북구 미아동 811,서울시 강북구 삼양로27길 95,1370.0,234.0,145.94,114.88,79,4,2,123,,"11억 5,000~12억",,"2억 8,000/150~4억/90","2억 8,000/150~4억/90"
0,두원프라자(주상복합),77㎡,서울시 강북구 미아동 1351,서울시 강북구 도봉로 157,48.0,0.0,77.05,56.1,73,3,2,20,,,"2억 7,000",,
1,두원프라자(주상복합),115㎡,서울시 강북구 미아동 1351,서울시 강북구 도봉로 157,48.0,0.0,115.71,84.24,73,3,2,20,59000,,,,
2,두원프라자(주상복합),134㎡,서울시 강북구 미아동 1351,서울시 강북구 도봉로 157,48.0,0.0,134.61,98.22,73,4,2,4,,"6억~6억 3,000",,,
3,두원프라자(주상복합),166,서울시 강북구 미아동 1351,서울시 강북구 도봉로 157,48.0,0.0,166.19,120.95,73,4,2,4,71000,"7억 7,000",,,
0,래미안트리베라1차,86㎡,서울시 강북구 미아동 813,서울시 강북구 삼양로19길 25,1247.0,212.0,86.77,59.6,69,3,2,306,,"7억 5,000~9억","3억 9,000~5억 3,000",,
1,래미안트리베라1차,109A㎡,서울시 강북구 미아동 813,서울시 강북구 삼양로19길 25,1247.0,212.0,109.63,84.97,78,3,2,165,71000,"9억~10억 5,000","5억 5,000",1억/170~2억/130,1억/170~2억/130
2,래미안트리베라1차,110B㎡,서울시 강북구 미아동 813,서울시 강북구 삼양로19길 25,1247.0,212.0,110.25,84.97,77,3,2,165,71000,"9억 5,000~12억","5억 3,000~5억 5,000",1억/160~3억/85,1억/160~3억/85
3,래미안트리베라1차,113㎡,서울시 강북구 미아동 813,서울시 강북구 삼양로19길 25,1247.0,212.0,113.13,84.97,75,3,2,208,71000,"9억 5,000~10억 5,000",,1억/170,1억/170
4,래미안트리베라1차,145,서울시 강북구 미아동 813,서울시 강북구 삼양로19길 25,1247.0,212.0,145.6,114.98,79,4,2,191,71000,10억~13억,"6억~6억 9,000",2억/200~5억/80,2억/200~5억/80
0,미아동부센트레빌,80㎡,서울시 강북구 미아동 474,서울시 강북구 숭인로7가길 37,480.0,0.0,80.36,59.96,75,3,2,192,,"7억 5,000~9억 1,000","4억~5억 6,000",1억/150,1억/150
1,미아동부센트레빌,105A㎡,서울시 강북구 미아동 474,서울시 강북구 숭인로7가길 37,480.0,0.0,105.15,84.93,81,3,2,101,59000,"10억~10억 5,000","4억 4,100~5억 5,000",1억/160~4억/60,1억/160~4억/60
2,미아동부센트레빌,105B㎡,서울시 강북구 미아동 474,서울시 강북구 숭인로7가길 37,480.0,0.0,105.38,84.89,81,3,2,57,,"8억 5,000~11억",5억~6억,,
3,미아동부센트레빌,105C㎡,서울시 강북구 미아동 474,서울시 강북구 숭인로7가길 37,480.0,0.0,105.85,84.92,80,3,2,53,71000,10억,"5억 3,000~6억","6,000/160~4억 5,000/50","6,000/160~4억 5,000/50"
4,미아동부센트레빌,105D㎡,서울시 강북구 미아동 474,서울시 강북구 숭인로7가길 37,480.0,0.0,105.34,84.93,81,3,2,51,71000,"10억 5,000",,,
5,미아동부센트레빌,136,서울시 강북구 미아동 474,서울시 강북구 숭인로7가길 37,480.0,0.0,136.57,114.82,84,4,2,26,71000,,8억,,
0,미아래미안1차,78㎡,서울시 강북구 미아동 797,서울시 강북구 삼양로 256,306.0,0.0,78.63,59.9,76,3,2,110,,"7억 2,000~7억 5,000","3억 6,000",,
1,미아래미안1차,110㎡,서울시 강북구 미아동 797,서울시 강북구 삼양로 256,306.0,0.0,110.6,84.58,76,3,2,168,59000,"8억 9,000~9억 8,000","5억 2,000",,
2,미아래미안1차,142,서울시 강북구 미아동 797,서울시 강북구 삼양로 256,306.0,0.0,142.25,114.29,80,4,2,28,,11억,"6억 9,000",,
0,미아신구,75㎡,서울시 강북구 미아동 1352,서울시 강북구 오패산로60길 17-7,105.0,0.0,75.26,59.41,79,3,1,22,,,,,
1,미아신구,93㎡,서울시 강북구 미아동 1352,서울시 강북구 오패산로60길 17-7,105.0,0.0,93.67,73.95,79,3,1,4,59000,,,,
2,미아신구,107A㎡,서울시 강북구 미아동 1352,서울시 강북구 오패산로60길 17-7,105.0,0.0,107.54,84.9,79,3,2,68,,"6억 5,000~6억 8,000",4억,,
3,미아신구,107B,서울시 강북구 미아동 1352,서울시 강북구 오패산로60길 17-7,105.0,0.0,107.59,84.94,79,3,2,11,71000,,,,
0,미아요진,76A㎡,서울시 강북구 미아동 152,서울시 강북구 도봉로76길 52,123.0,0.0,76.09,59.42,78,3,1,58,,"4억 6,000~6억",,,
1,미아요진,76B㎡,서울시 강북구 미아동 152,서울시 강북구 도봉로76길 52,123.0,0.0,76.55,59.78,78,3,1,6,,,,,
2,미아요진,108A㎡,서울시 강북구 미아동 152,서울시 강북구 도봉로76길 52,123.0,0.0,108.13,84.44,78,3,2,25,59000,,,,
3,미아요진,108B㎡,서울시 강북구 미아동 152,서울시 강북구 도봉로76길 52,123.0,0.0,108.76,84.93,78,3,2,19,71000,,,,
4,미아요진,108C,서울시 강북구 미아동 152,서울시 강북구 도봉로76길 52,123.0,0.0,108.66,84.85,78,3,2,15,71000,,"4억~4억 1,000",,
0,미아한일유앤아이,91㎡,서울시 강북구 미아동 1355,서울시 강북구 월계로21가길 41,384.0,0.0,91.08,68.3,75,3,1,14,,"7억 5,000",,,
1,미아한일유앤아이,112㎡,서울시 강북구 미아동 1355,서울시 강북구 월계로21가길 41,384.0,0.0,112.82,84.55,75,3,2,237,59000,"7억 2,000~9억",,,
2,미아한일유앤아이,142㎡,서울시 강북구 미아동 1355,서울시 강북구 월계로21가길 41,384.0,0.0,142.83,111.29,78,4,2,49,,"10억 5,000",,,
3,미아한일유앤아이,150㎡,서울시 강북구 미아동 1355,서울시 강북구 월계로21가길 41,384.0,0.0,150.61,116.91,78,4,2,16,71000,"10억 2,000~10억 5,000",,,
4,미아한일유앤아이,163,서울시 강북구 미아동 1355,서울시 강북구 월계로21가길 41,384.0,0.0,163.46,129.78,79,4,2,68,71000,12억,"5억 9,000~6억 2,000",,
0,미아현대,102,서울시 강북구 미아동 190-2,서울시 강북구 도봉로68길 26,231.0,0.0,102.08,84.91,83,3,2,231,,"7억~7억 7,000","3억 9,900~4억",,
0,벽산라이브파크,74A㎡,서울시 강북구 미아동 1354,서울시 강북구 솔샘로 159,1585.0,0.0,74.38,59.67,80,3,2,296,59000.0,"5억 1,000~6억 2,000","3억 5,000~3억 8,000","3,000/110~2억/60","3,000/110~2억/60"
1,벽산라이브파크,74B㎡,서울시 강북구 미아동 1354,서울시 강북구 솔샘로 159,1585.0,0.0,74.79,60,80,3,2,280,,"4억 9,000~7억 6,000","3억~3억 8,000","1억 3,000/70~2억 5,000/50","1억 3,000/70~2억 5,000/50"
2,벽산라이브파크,102㎡,서울시 강북구 미아동 1354,서울시 강북구 솔샘로 159,1585.0,0.0,102.49,84.89,83,3,2,648,71000,"7억~8억 6,000","4억~4억 5,000","5,000/150~2억 5,000/70","5,000/150~2억 5,000/70"
3,벽산라이브파크,133,서울시 강북구 미아동 1354,서울시 강북구 솔샘로 159,1585.0,0.0,133.01,114.68,86,4,2,361,71000,"7억 6,000~9억","4억~5억 5,000","5,000/180~2억 5,000/80","5,000/180~2억 5,000/80"
0,삼각산아이원,79㎡,서울시 강북구 미아동 1357,서울시 강북구 삼양로19길 113,1344.0,0.0,79.4,59.75,75,3,1,214,59000.0,"6억 5,000~8억 2,000","3억 3,000~4억","3억 4,000/30","3억 4,000/30"
1,삼각산아이원,105㎡,서울시 강북구 미아동 1357,서울시 강북구 삼양로19길 113,1344.0,0.0,105.19,84.7,81,3,2,805,,"7억~10억 5,000","3억 7,000~4억 8,000",1억/130~3억/60,1억/130~3억/60
2,삼각산아이원,137,서울시 강북구 미아동 1357,서울시 강북구 삼양로19길 113,1344.0,0.0,137.59,114.88,83,4,2,325,71000,9억~11억,"4억 9,560~6억 7,000",3억/130~3억/150,3억/130~3억/150
0,삼성래미안트리베라2차,79C㎡,서울시 강북구 미아동 812,서울시 강북구 삼양로27길 19,1330.0,228.0,79.48,58.99,74,3,2,129,71000.0,"6억 6,000~8억 5,000",4억,,
1,삼성래미안트리베라2차,80B㎡,서울시 강북구 미아동 812,서울시 강북구 삼양로27길 19,1330.0,228.0,80.48,59.38,74,3,2,127,71000.0,"6억 3,000~9억 3,000","3억 5,000~5억 5,000",2억/70~3억/65,2억/70~3억/65
2,삼성래미안트리베라2차,82A㎡,서울시 강북구 미아동 812,서울시 강북구 삼양로27길 19,1330.0,228.0,82.61,59.33,72,3,2,120,,"6억 7,000~9억 2,000","3억 8,000~4억 2,000",,
3,삼성래미안트리베라2차,107C㎡,서울시 강북구 미아동 812,서울시 강북구 삼양로27길 19,1330.0,228.0,107.02,84.15,79,3,2,96,71000,"9억 7,000~11억","5억 8,000",3억/90,3억/90
4,삼성래미안트리베라2차,107B㎡,서울시 강북구 미아동 812,서울시 강북구 삼양로27길 19,1330.0,228.0,107.19,84.18,79,3,2,84,71000,"9억 5,000~12억","6억 5,000","8,000/150","8,000/150"
5,삼성래미안트리베라2차,110A㎡,서울시 강북구 미아동 812,서울시 강북구 삼양로27길 19,1330.0,228.0,110.34,84.29,76,3,2,289,87500,"9억 2,000~11억","5억~6억 5,000","2억 5,000/90~3억/90","2억 5,000/90~3억/90"
6,삼성래미안트리베라2차,110D㎡,서울시 강북구 미아동 812,서울시 강북구 삼양로27길 19,1330.0,228.0,110.34,84.29,76,3,2,65,,"9억 5,000",5억,3억/90,3억/90
7,삼성래미안트리베라2차,141,서울시 강북구 미아동 812,서울시 강북구 삼양로27길 19,1330.0,228.0,141.46,113.89,81,4,2,192,,"11억~15억 5,000",7억,1억/220,1억/220
0,성북프라자(주상복합),90,서울시 강북구 미아동 318-5,서울시 강북구 도봉로33길 18,98.0,0.0,90.22,68.67,76,3,2,98,,"5억 7,000~6억 4,000",,,
0,송천센트레빌,79A㎡,서울시 강북구 미아동 461,서울시 강북구 숭인로 39,376.0,70.0,79.35,59.81,75,3,2,89,,"8억 5,000~9억 5,000","4억 5,000~5억 5,000","3억 5,000/75","3억 5,000/75"
1,송천센트레빌,80B㎡,서울시 강북구 미아동 461,서울시 강북구 숭인로 39,376.0,70.0,80.2,59.76,75,3,2,25,59000,,"5억 5,000",,
2,송천센트레빌,96㎡,서울시 강북구 미아동 461,서울시 강북구 숭인로 39,376.0,70.0,96.55,74.62,77,3,2,30,71000,"9억 5,000","4억 6,000~6억 2,000",,
3,송천센트레빌,106㎡,서울시 강북구 미아동 461,서울시 강북구 숭인로 39,376.0,70.0,106.27,84.86,80,3,2,59,71000,11억,,2억/160,2억/160
4,송천센트레빌,109㎡,서울시 강북구 미아동 461,서울시 강북구 숭인로 39,376.0,70.0,109.1,84.96,78,3,2,60,71000,10억~11억,"5억 5,000~6억",4억/80~5억/50,4억/80~5억/50
5,송천센트레빌,143,서울시 강북구 미아동 461,서울시 강북구 숭인로 39,376.0,70.0,143.65,114.47,80,4,2,43,87500,15억,"8억 2,000~9억 5,000",4억/190,4억/190
0,수유역푸르지오시티(도시형),28㎡,서울시 강북구 미아동 160-3,서울시 강북구 도봉로 290,298.0,0.0,28.65,18.64,65,1,1,290,,"1억 3,000~1억 4,500",,,
1,수유역푸르지오시티(도시형),57,서울시 강북구 미아동 160-3,서울시 강북구 도봉로 290,298.0,0.0,57.52,37.43,65,2,1,8,59000,"3억 2,000",,,
0,수유지웰에스테이트(도시형),21㎡,서울시 강북구 미아동 1363,서울시 강북구 도봉로76길 48,210.0,0.0,21.73,13.01,60,1,1,4,,"8,500~8,700",,,
1,수유지웰에스테이트(도시형),26㎡,서울시 강북구 미아동 1363,서울시 강북구 도봉로76길 48,210.0,0.0,26.27,15.88,60,1,1,202,59000,"9,000~1억 1,500",,"500/50~3,000/35","500/50~3,000/35"
2,수유지웰에스테이트(도시형),32,서울시 강북구 미아동 1363,서울시 강북구 도봉로76길 48,210.0,0.0,32.23,19.74,61,1,1,4,,,,,
0,신일,59A㎡,서울시 강북구 미아동 163-21,서울시 강북구 도봉로76가길 27,19.0,0.0,59.43,53.28,90,2,1,1,,,,,
1,신일,59B㎡,서울시 강북구 미아동 163-21,서울시 강북구 도봉로76가길 27,19.0,0.0,59.55,53.38,90,2,1,1,71000,,,,
2,신일,76㎡,서울시 강북구 미아동 163-21,서울시 강북구 도봉로76가길 27,19.0,0.0,76.05,68.17,90,3,1,1,71000,,,,
3,신일,80㎡,서울시 강북구 미아동 163-21,서울시 강북구 도봉로76가길 27,19.0,0.0,80.18,71.87,90,3,1,1,71000,"6억 5,000",,,
4,신일,87㎡,서울시 강북구 미아동 163-21,서울시 강북구 도봉로76가길 27,19.0,0.0,87.61,78.51,90,3,2,1,71000,,,,
5,신일,93㎡,서울시 강북구 미아동 163-21,서울시 강북구 도봉로76가길 27,19.0,0.0,93.75,84.04,90,3,2,1,87500,,,,
6,신일,94B㎡,서울시 강북구 미아동 163-21,서울시 강북구 도봉로76가길 27,19.0,0.0,94.73,84.91,90,3,2,5,,,,,
7,신일,94A㎡,서울시 강북구 미아동 163-21,서울시 강북구 도봉로76가길 27,19.0,0.0,94.62,84.81,90,3,2,4,,,,,
8,신일,94C,서울시 강북구 미아동 163-21,서울시 강북구 도봉로76가길 27,19.0,0.0,94.75,84.93,90,3,2,4,,,,,
0,신일해피트리,77㎡,서울시 강북구 미아동 1358,서울시 강북구 오패산로60길 22,117.0,0.0,77.26,59.27,77,3,2,43,,"5억 5,000",,,
1,신일해피트리,89㎡,서울시 강북구 미아동 1358,서울시 강북구 오패산로60길 22,117.0,0.0,89.25,68.47,77,3,2,2,59000,,,,
2,신일해피트리,109A㎡,서울시 강북구 미아동 1358,서울시 강북구 오패산로60길 22,117.0,0.0,109.13,83.72,77,3,2,60,,,,,
3,신일해피트리,109C㎡,서울시 강북구 미아동 1358,서울시 강북구 오패산로60길 22,117.0,0.0,109.13,83.72,77,3,2,10,71000,,,,
4,신일해피트리,109B,서울시 강북구 미아동 1358,서울시 강북구 오패산로60길 22,117.0,0.0,109.13,83.72,77,3,2,2,71000,,,,
0,월드,48A㎡,서울시 강북구 미아동 311-10,서울시 강북구 도봉로41길 42-1,18.0,0.0,48.08,42.18,88,2,1,1,,,,,
1,월드,50C㎡,서울시 강북구 미아동 311-10,서울시 강북구 도봉로41길 42-1,18.0,0.0,50.62,44.4,88,2,1,1,59000,,,,
2,월드,54A㎡,서울시 강북구 미아동 311-10,서울시 강북구 도봉로41길 42-1,18.0,0.0,54.86,48.1,88,2,1,8,,"2억 7,000",,,
3,월드,55B,서울시 강북구 미아동 311-10,서울시 강북구 도봉로41길 42-1,18.0,0.0,55.78,48.91,88,2,1,8,71000,,,,
0,월드2차,42A㎡,서울시 강북구 미아동 311-9,서울시 강북구 도봉로41길 42,18.0,0.0,42.95,37.49,87,1,1,1,,,,,
1,월드2차,43B㎡,서울시 강북구 미아동 311-9,서울시 강북구 도봉로41길 42,18.0,0.0,43.49,37.96,87,1,1,2,59000,,,,
2,월드2차,46㎡,서울시 강북구 미아동 311-9,서울시 강북구 도봉로41길 42,18.0,0.0,46.09,40.23,87,1,1,1,,,,,
3,월드2차,48㎡,서울시 강북구 미아동 311-9,서울시 강북구 도봉로41길 42,18.0,0.0,48.4,42.25,87,2,1,1,71000,,,,
4,월드2차,51B㎡,서울시 강북구 미아동 311-9,서울시 강북구 도봉로41길 42,18.0,0.0,51.86,45.27,87,2,1,2,71000,,,,
5,월드2차,51A㎡,서울시 강북구 미아동 311-9,서울시 강북구 도봉로41길 42,18.0,0.0,51.24,44.73,87,2,1,1,71000,,,,
6,월드2차,52C㎡,서울시 강북구 미아동 311-9,서울시 강북구 도봉로41길 42,18.0,0.0,52.69,45.99,87,2,1,5,71000,,,,
7,월드2차,53D,서울시 강북구 미아동 311-9,서울시 강북구 도봉로41길 42,18.0,0.0,53.3,46.53,87,2,1,5,87500,,,,
0,은진하이빌(도시형),33A㎡,서울시 강북구 미아동 762-39,서울시 강북구 솔매로28길 7-5,12.0,0.0,33.54,29.85,89,1,1,2,,,,,
1,은진하이빌(도시형),33B㎡,서울시 강북구 미아동 762-39,서울시 강북구 솔매로28길 7-5,12.0,0.0,33.55,29.86,89,1,1,2,59000,,,,
2,은진하이빌(도시형),55A㎡,서울시 강북구 미아동 762-39,서울시 강북구 솔매로28길 7-5,12.0,0.0,55.63,49.51,89,2,1,2,,,,,
3,은진하이빌(도시형),56B㎡,서울시 강북구 미아동 762-39,서울시 강북구 솔매로28길 7-5,12.0,0.0,56.08,49.9,89,2,1,2,71000,,,,
4,은진하이빌(도시형),62㎡,서울시 강북구 미아동 762-39,서울시 강북구 솔매로28길 7-5,12.0,0.0,62.32,55.46,89,2,1,1,71000,,,,
5,은진하이빌(도시형),73A㎡,서울시 강북구 미아동 762-39,서울시 강북구 솔매로28길 7-5,12.0,0.0,73.11,65.06,89,3,1,1,71000,,,,
6,은진하이빌(도시형),74B㎡,서울시 강북구 미아동 762-39,서울시 강북구 솔매로28길 7-5,12.0,0.0,74.48,66.28,89,3,1,1,71000,,,,
7,은진하이빌(도시형),84,서울시 강북구 미아동 762-39,서울시 강북구 솔매로28길 7-5,12.0,0.0,84.4,75.11,89,3,2,1,87500,,,,
0,이너스내안에,42㎡,서울시 강북구 미아동 1361,서울시 강북구 도봉로76가길 15,71.0,0.0,42.86,32.67,76,1,1,4,,,,,
1,이너스내안에,61㎡,서울시 강북구 미아동 1361,서울시 강북구 도봉로76가길 15,71.0,0.0,61.53,47.82,78,2,1,2,59000,,,,
2,이너스내안에,81A㎡,서울시 강북구 미아동 1361,서울시 강북구 도봉로76가길 15,71.0,0.0,81.96,64.67,79,3,2,1,,,,,
3,이너스내안에,83B㎡,서울시 강북구 미아동 1361,서울시 강북구 도봉로76가길 15,71.0,0.0,83.6,66.01,79,3,2,6,71000,,,,
4,이너스내안에,92A㎡,서울시 강북구 미아동 1361,서울시 강북구 도봉로76가길 15,71.0,0.0,92.82,73.22,79,2,2,1,71000,,,,
5,이너스내안에,92B㎡,서울시 강북구 미아동 1361,서울시 강북구 도봉로76가길 15,71.0,0.0,92.41,73.37,79,2,2,1,71000,,,,
6,이너스내안에,94B1㎡,서울시 강북구 미아동 1361,서울시 강북구 도봉로76가길 15,71.0,0.0,94.78,74.82,79,2,2,6,87500,,,,
7,이너스내안에,94A1㎡,서울시 강북구 미아동 1361,서울시 강북구 도봉로76가길 15,71.0,0.0,94.11,73.96,79,2,2,1,71000,,,,
8,이너스내안에,95A㎡,서울시 강북구 미아동 1361,서울시 강북구 도봉로76가길 15,71.0,0.0,95.52,75.11,79,3,2,1,,,,,
9,이너스내안에,96C㎡,서울시 강북구 미아동 1361,서울시 강북구 도봉로76가길 15,71.0,0.0,96.89,76.89,79,3,2,1,,,,,
10,이너스내안에,97B㎡,서울시 강북구 미아동 1361,서울시 강북구 도봉로76가길 15,71.0,0.0,97.18,76.86,79,3,2,1,,,,,
11,이너스내안에,102㎡,서울시 강북구 미아동 1361,서울시 강북구 도봉로76가길 15,71.0,0.0,102.71,81.02,79,3,2,1,,,,,
12,이너스내안에,105㎡,서울시 강북구 미아동 1361,서울시 강북구 도봉로76가길 15,71.0,0.0,105.73,83.8,79,3,2,1,,"6억 8,000",,,
13,이너스내안에,106D㎡,서울시 강북구 미아동 1361,서울시 강북구 도봉로76가길 15,71.0,0.0,106.38,84.68,80,3,2,5,,,,,
14,이너스내안에,106C㎡,서울시 강북구 미아동 1361,서울시 강북구 도봉로76가길 15,71.0,0.0,106.31,84.63,80,3,2,4,,,,,
15,이너스내안에,106A㎡,서울시 강북구 미아동 1361,서울시 강북구 도봉로76가길 15,71.0,0.0,106.29,84.08,79,3,2,2,,,,,
16,이너스내안에,107A1㎡,서울시 강북구 미아동 1361,서울시 강북구 도봉로76가길 15,71.0,0.0,107.41,84.96,79,3,2,6,,,,,
17,이너스내안에,107C1㎡,서울시 강북구 미아동 1361,서울시 강북구 도봉로76가길 15,71.0,0.0,107.19,84.96,79,3,2,6,,,,,
18,이너스내안에,107D1㎡,서울시 강북구 미아동 1361,서울시 강북구 도봉로76가길 15,71.0,0.0,107.59,84.96,79,3,2,6,,,,,
19,이너스내안에,107E1㎡,서울시 강북구 미아동 1361,서울시 강북구 도봉로76가길 15,71.0,0.0,107.21,84.97,79,3,2,6,,,,,
20,이너스내안에,107F1㎡,서울시 강북구 미아동 1361,서울시 강북구 도봉로76가길 15,71.0,0.0,107.59,84.98,79,3,2,5,,,,,
21,이너스내안에,107B1,서울시 강북구 미아동 1361,서울시 강북구 도봉로76가길 15,71.0,0.0,107.42,84.96,79,3,2,4,,,,,
0,인성,47㎡,서울시 강북구 미아동 224-40,서울시 강북구 솔매로43길 3,17.0,0.0,47.88,41.4,86,2,1,1,,,,,
1,인성,53㎡,서울시 강북구 미아동 224-40,서울시 강북구 솔매로43길 3,17.0,0.0,53.35,46.13,86,2,1,1,59000,,,,
2,인성,64㎡,서울시 강북구 미아동 224-40,서울시 강북구 솔매로43길 3,17.0,0.0,64.33,55.62,86,2,1,1,,,,,
3,인성,69㎡,서울시 강북구 미아동 224-40,서울시 강북구 솔매로43길 3,17.0,0.0,69.6,60.18,86,2,1,1,71000,,,,
4,인성,75㎡,서울시 강북구 미아동 224-40,서울시 강북구 솔매로43길 3,17.0,0.0,75.3,65.11,86,2,1,1,71000,,,,
5,인성,85A㎡,서울시 강북구 미아동 224-40,서울시 강북구 솔매로43길 3,17.0,0.0,85.43,73.87,86,3,2,1,71000,,,,
6,인성,86B㎡,서울시 강북구 미아동 224-40,서울시 강북구 솔매로43길 3,17.0,0.0,86.71,74.98,86,3,2,1,71000,,,,
7,인성,91㎡,서울시 강북구 미아동 224-40,서울시 강북구 솔매로43길 3,17.0,0.0,91.63,79.23,86,3,2,1,87500,,,,
8,인성,94A㎡,서울시 강북구 미아동 224-40,서울시 강북구 솔매로43길 3,17.0,0.0,94.71,81.9,86,3,2,3,,,,,
9,인성,96B㎡,서울시 강북구 미아동 224-40,서울시 강북구 솔매로43길 3,17.0,0.0,96.34,83.31,86,3,2,2,,,,,
10,인성,98A㎡,서울시 강북구 미아동 224-40,서울시 강북구 솔매로43길 3,17.0,0.0,98.11,84.84,86,3,2,3,,,,,
11,인성,98B,서울시 강북구 미아동 224-40,서울시 강북구 솔매로43길 3,17.0,0.0,98.02,84.76,86,3,2,1,,"6억 5,000",,,
0,젬스톤타운,89,서울시 강북구 미아동 103-183,서울시 강북구 오패산로 176,12.0,0.0,89.89,78.09,87,3,2,12,,"5억 5,000~6억 9,000",,,
0,태솔,82A㎡,서울시 강북구 미아동 135-44,서울시 강북구 도봉로28길 22,19.0,0.0,82.22,71.56,87,3,2,8,,,,,
1,태솔,82B㎡,서울시 강북구 미아동 135-44,서울시 강북구 도봉로28길 22,19.0,0.0,82.86,72.16,87,3,2,1,59000,,,,
2,태솔,87㎡,서울시 강북구 미아동 135-44,서울시 강북구 도봉로28길 22,19.0,0.0,87.12,75.83,87,3,2,2,,,,,
3,태솔,90,서울시 강북구 미아동 135-44,서울시 강북구 도봉로28길 22,19.0,0.0,90.02,78.35,87,3,2,8,71000,,,,
0,한솔드림빌,74㎡,서울시 강북구 미아동 137-17,서울시 강북구 도봉로20가길 7,12.0,0.0,74.63,66.21,89,3,2,2,,,,,
1,한솔드림빌,83,서울시 강북구 미아동 137-17,서울시 강북구 도봉로20가길 7,12.0,0.0,83.96,74.46,89,3,2,10,59000,"4억 5,000",,,
0,한일,60㎡,서울시 강북구 미아동 258-732,서울시 강북구 오패산로60길 21,50.0,0.0,60.84,54.99,90,2,1,30,,,,"2,000/60~3,000/60","2,000/60~3,000/60"
1,한일,81,서울시 강북구 미아동 258-732,서울시 강북구 오패산로60길 21,50.0,0.0,81,61.65,76,3,1,20,59000,"5억 5,000",,,
0,현대성우(주상복합),85㎡,서울시 강북구 미아동 561-2,서울시 강북구 삼양로24길 19,216.0,0.0,85.37,59.4,70,3,1,128,,"5억 3,000~6억","3억 7,000","1억 5,000/80","1억 5,000/80"
1,현대성우(주상복합),95㎡,서울시 강북구 미아동 561-2,서울시 강북구 삼양로24길 19,216.0,0.0,95.38,71.99,75,3,1,11,59000,,,,
2,현대성우(주상복합),112A㎡,서울시 강북구 미아동 561-2,서울시 강북구 삼양로24길 19,216.0,0.0,112.53,84.92,75,3,2,76,71000,"6억 8,000~8억",4억,,
3,현대성우(주상복합),112B,서울시 강북구 미아동 561-2,서울시 강북구 삼양로24길 19,216.0,0.0,112.44,84.99,76,3,2,1,,,,,
0,금호,81N㎡,서울시 강북구 번동 656,서울시 강북구 오현로31길 85-7,284.0,0.0,81.66,59.43,73,3,1,128,59000.0,"5억 8,000~6억 5,000","3억 2,000~3억 5,000",,
1,금호,82A㎡,서울시 강북구 번동 656,서울시 강북구 오현로31길 85-7,284.0,0.0,82.31,59.9,73,3,1,23,58500.0,"6억~6억 5,000",,"3,000/150~1억/130","3,000/150~1억/130"
2,금호,114B㎡,서울시 강북구 번동 656,서울시 강북구 오현로31길 85-7,284.0,0.0,114.08,84.93,74,3,2,80,67500.0,"6억 8,000~7억 5,000",,,
3,금호,114A,서울시 강북구 번동 656,서울시 강북구 오현로31길 85-7,284.0,0.0,114.11,84.96,74,3,2,53,67500.0,"6억 8,000~7억 8,000","3억 9,000~4억 5,000",1억/130,1억/130
0,기산그린,82㎡,서울시 강북구 번동 191,서울시 강북구 월계로37길 137,263.0,0.0,82.83,59.94,72,3,1,158,58500.0,"4억 7,000~6억","2억 8,000~3억","1억 7,000/80~2억/40","1억 7,000/80~2억/40"
1,기산그린,101㎡,서울시 강북구 번동 191,서울시 강북구 월계로37길 137,263.0,0.0,101.09,76.08,75,3,2,31,59000.0,,,,
2,기산그린,109㎡,서울시 강북구 번동 191,서울시 강북구 월계로37길 137,263.0,0.0,109.23,84.94,78,3,2,73,58500.0,"6억~6억 7,000","3억 9,500~4억 1,000",,
3,기산그린,112,서울시 강북구 번동 191,서울시 강북구 월계로37길 137,263.0,0.0,112.23,87.94,78,3,2,1,67500.0,,,,
0,다우,50㎡,서울시 강북구 번동 447-17,서울시 강북구 오패산로77길 35,4.0,0.0,50.13,40.37,81,2,1,1,58500.0,,,,
1,다우,67,서울시 강북구 번동 447-17,서울시 강북구 오패산로77길 35,4.0,0.0,67.68,54.53,81,3,1,3,59000.0,,,,
0,대원파크빌(도시형),32㎡,서울시 강북구 번동 460-15,서울시 강북구 한천로124가길 29,27.0,0.0,32.84,27.78,85,2,1,4,58500.0,,,,
1,대원파크빌(도시형),34㎡,서울시 강북구 번동 460-15,서울시 강북구 한천로124가길 29,27.0,0.0,34.86,30.43,87,2,1,4,59000.0,,,,
2,대원파크빌(도시형),38㎡,서울시 강북구 번동 460-15,서울시 강북구 한천로124가길 29,27.0,0.0,38.36,33.49,87,2,1,3,58500.0,,,,
3,대원파크빌(도시형),46A㎡,서울시 강북구 번동 460-15,서울시 강북구 한천로124가길 29,27.0,0.0,46.49,39.32,85,2,1,4,67500.0,,,,
4,대원파크빌(도시형),46B㎡,서울시 강북구 번동 460-15,서울시 강북구 한천로124가길 29,27.0,0.0,46.07,40.23,87,2,1,4,67500.0,,,,
5,대원파크빌(도시형),47C㎡,서울시 강북구 번동 460-15,서울시 강북구 한천로124가길 29,27.0,0.0,47.22,41.22,87,2,1,3,,,,,
6,대원파크빌(도시형),48㎡,서울시 강북구 번동 460-15,서울시 강북구 한천로124가길 29,27.0,0.0,48.45,40.98,85,2,1,4,,,,,
7,대원파크빌(도시형),56,서울시 강북구 번동 460-15,서울시 강북구 한천로124가길 29,27.0,0.0,56.27,49.13,87,2,1,1,,,,,
0,더조은홈,82㎡,서울시 강북구 번동 410-32,서울시 강북구 한천로 965,18.0,0.0,82.02,72.48,88,3,2,1,58500.0,,,,
1,더조은홈,87㎡,서울시 강북구 번동 410-32,서울시 강북구 한천로 965,18.0,0.0,87.03,76.9,88,3,2,8,59000.0,,,,
2,더조은홈,91,서울시 강북구 번동 410-32,서울시 강북구 한천로 965,18.0,0.0,91.53,80.87,88,3,2,9,58500.0,"4억 8,000",,,
0,드림타워(도시형),27A㎡,서울시 강북구 번동 464-3,서울시 강북구 도봉로96길 5-11,28.0,0.0,27.64,21.05,76,1,1,7,58500.0,,,,
1,드림타워(도시형),27B㎡,서울시 강북구 번동 464-3,서울시 강북구 도봉로96길 5-11,28.0,0.0,27.71,21.11,76,1,1,7,59000.0,,,,
2,드림타워(도시형),28A㎡,서울시 강북구 번동 464-3,서울시 강북구 도봉로96길 5-11,28.0,0.0,28.36,21.6,76,1,1,7,58500.0,,,,
3,드림타워(도시형),28B,서울시 강북구 번동 464-3,서울시 강북구 도봉로96길 5-11,28.0,0.0,28.52,21.72,76,1,1,7,67500.0,,,,
0,백운,60㎡,서울시 강북구 번동 461-1,서울시 강북구 한천로130길 13,15.0,0.0,60.42,47.36,78,2,1,1,58500.0,,,,
1,백운,76㎡,서울시 강북구 번동 461-1,서울시 강북구 한천로130길 13,15.0,0.0,76.4,59.92,78,3,2,4,59000.0,"4억 5,500",,,
2,백운,78,서울시 강북구 번동 461-1,서울시 강북구 한천로130길 13,15.0,0.0,78.94,69.87,89,3,2,10,58500.0,,,,
0,번동동문,79㎡,서울시 강북구 번동 657,서울시 강북구 오현로 128,167.0,0.0,79.23,59.64,75,3,1,68,58500.0,"5억 9,000~6억 8,000",,,
1,번동동문,107㎡,서울시 강북구 번동 657,서울시 강북구 오현로 128,167.0,0.0,107.32,84.86,79,3,2,65,59000.0,"7억~8억 5,000","4억 5,000",,
2,번동동문,162,서울시 강북구 번동 657,서울시 강북구 오현로 128,167.0,0.0,162.88,134.27,82,4,2,34,58500.0,"11억~12억 5,000",,,
0,번동솔그린,81㎡,서울시 강북구 번동 136,서울시 강북구 한천로109길 83,380.0,0.0,81.7,59.82,73,3,1,212,58500.0,"5억 2,000~5억 8,000","2억 9,000~3억 7,000",1억/70,1억/70
1,번동솔그린,106,서울시 강북구 번동 136,서울시 강북구 한천로109길 83,380.0,0.0,106.94,84.6,79,3,2,168,59000.0,"6억 2,000~7억","3억 8,000~4억",2억/70,2억/70
0,번동완성(주상복합),93㎡,서울시 강북구 번동 148-496,서울시 강북구 오현로 137,19.0,0.0,93.09,74.73,80,3,1,9,67500.0,"4억~4억 3,000",,,
1,번동완성(주상복합),94,서울시 강북구 번동 148-496,서울시 강북구 오현로 137,19.0,0.0,94.66,75.99,80,3,2,10,58500.0,"4억~4억 5,000",,,
0,번동주공1단지,58A㎡,서울시 강북구 번동 242,서울시 강북구 한천로105길 23,1430.0,0.0,58.37,41.3,71,2,1,300,58500.0,5억~6억,"1억 4,880~2억","2,000/70","2,000/70"
1,번동주공1단지,60B㎡,서울시 강북구 번동 242,서울시 강북구 한천로105길 23,1430.0,0.0,60.33,41.3,68,2,1,210,59000.0,5억~6억,"1억 7,000~1억 8,000","1,000/60~3,000/60","1,000/60~3,000/60"
2,번동주공1단지,72㎡,서울시 강북구 번동 242,서울시 강북구 한천로105길 23,1430.0,0.0,72.15,49.94,69,2,1,480,58500.0,"5억 9,000~7억 3,000","2억 3,000~2억 7,000","2,000/80~1억 6,500/25","2,000/80~1억 6,500/25"
3,번동주공1단지,74㎡,서울시 강북구 번동 242,서울시 강북구 한천로105길 23,1430.0,0.0,74.53,62.17,83,2,1,8,,,,,
4,번동주공1단지,85㎡,서울시 강북구 번동 242,서울시 강북구 한천로105길 23,1430.0,0.0,85.78,71.89,84,3,1,92,67500,"8억 2,000","3억 3,000",,
5,번동주공1단지,100㎡,서울시 강북구 번동 242,서울시 강북구 한천로105길 23,1430.0,0.0,100.72,84.41,84,3,1,100,67500,,"3억 3,000","2억 6,000/40","2억 6,000/40"
6,번동주공1단지,105,서울시 강북구 번동 242,서울시 강북구 한천로105길 23,1430.0,0.0,105.49,79.07,75,3,1,240,,"7억 8,000~9억 2,000","3억 3,000~4억 4,000","1억 6,000/70","1억 6,000/70"
0,번동주공4단지,57㎡,서울시 강북구 번동 234,서울시 강북구 오현로 207,900.0,0.0,57.15,41.3,72,2,1,90,59000.0,"4억 9,500~6억 5,000","1억 9,000",,
1,번동주공4단지,59B㎡,서울시 강북구 번동 234,서울시 강북구 오현로 207,900.0,0.0,59.04,44.89,76,2,1,120,58500.0,"5억 3,000~5억 7,000",,,
2,번동주공4단지,60A㎡,서울시 강북구 번동 234,서울시 강북구 오현로 207,900.0,0.0,60.33,41.3,68,2,1,30,,6억,,,
3,번동주공4단지,69㎡,서울시 강북구 번동 234,서울시 강북구 오현로 207,900.0,0.0,69.1,49.94,72,2,1,90,,,,,
4,번동주공4단지,72㎡,서울시 강북구 번동 234,서울시 강북구 오현로 207,900.0,0.0,72.95,49.94,68,2,1,90,67500,"5억 9,000~7억","2억 7,000","1억 5,000/40","1억 5,000/40"
5,번동주공4단지,77㎡,서울시 강북구 번동 234,서울시 강북구 오현로 207,900.0,0.0,77.89,59.22,76,3,1,120,67500,"6억 2,000",,,
6,번동주공4단지,94㎡,서울시 강북구 번동 234,서울시 강북구 오현로 207,900.0,0.0,94.25,76.51,81,3,1,180,,"7억 3,000~8억","3억 2,000~3억 5,000","1억 5,000/50","1억 5,000/50"
7,번동주공4단지,104,서울시 강북구 번동 234,서울시 강북구 오현로 207,900.0,0.0,104.45,84.79,81,3,2,180,,"6억 1,000~9억 1,000",,,
0,번동한양,100,서울시 강북구 번동 133-1,서울시 강북구 한천로109길 69,261.0,0.0,100.12,84.67,85,3,2,261,58500.0,"5억 7,000~7억","3억 5,000~4억 2,000","5,000/120~1억/100","5,000/120~1억/100"
0,번동한진(꿈의숲),79㎡,서울시 강북구 번동 658,서울시 강북구 월계로37길 65,202.0,0.0,79.32,58.65,74,3,1,38,58500.0,"4억 7,000~5억",,,
1,번동한진(꿈의숲),81㎡,서울시 강북구 번동 658,서울시 강북구 월계로37길 65,202.0,0.0,81.02,59.91,74,3,1,67,59000.0,"4억 9,500~6억 3,000","3억~3억 6,000",,
2,번동한진(꿈의숲),114,서울시 강북구 번동 658,서울시 강북구 월계로37길 65,202.0,0.0,114.92,84.97,74,3,2,97,58500.0,"7억 5,000~8억 4,000",3억,,
0,삼성,80㎡,서울시 강북구 번동 470-1,서울시 강북구 도봉로98길 33,228.0,0.0,80.6,59.77,74,3,1,114,58500.0,"6억~6억 5,000","3억 5,000","5,000/110","5,000/110"
1,삼성,108,서울시 강북구 번동 470-1,서울시 강북구 도봉로98길 33,228.0,0.0,108.32,84.96,78,3,2,114,59000.0,"6억~7억 7,000",,1억/120,1억/120
0,성금수림채,119㎡,서울시 강북구 번동 118-15,서울시 강북구 월계로37길 43,19.0,0.0,119.56,107.1,90,4,2,1,59000.0,6억,,,
1,성금수림채,125,서울시 강북구 번동 118-15,서울시 강북구 월계로37길 43,19.0,0.0,125.24,112.29,90,4,2,18,58500.0,"7억 5,000",,,
0,센트로힐,93,서울시 강북구 번동 761,서울시 강북구 한천로 936,44.0,0.0,93.28,72.76,78,3,2,44,58500.0,,,,
0,솔라리움시티(도시형),23㎡,서울시 강북구 번동 443-6,서울시 강북구 덕릉로 111,108.0,0.0,23.75,16.75,71,1,1,96,58500.0,,,,
1,솔라리움시티(도시형),29,서울시 강북구 번동 443-6,서울시 강북구 덕릉로 111,108.0,0.0,29.97,21.12,70,1,1,12,59000.0,,,,
0,송유빌(도시형),17C㎡,서울시 강북구 번동 415-11,서울시 강북구 오패산로78길 8,28.0,0.0,17.49,11.55,66,1,1,12,58500.0,,,,
1,송유빌(도시형),17A㎡,서울시 강북구 번동 415-11,서울시 강북구 오패산로78길 8,28.0,0.0,17.04,11.25,66,1,1,8,58500.0,,,,
2,송유빌(도시형),17B,서울시 강북구 번동 415-11,서울시 강북구 오패산로78길 8,28.0,0.0,17.27,11.4,66,1,1,8,59000.0,,,,
0,수유역두산위브,112A㎡,서울시 강북구 번동 410,서울시 강북구 덕릉로41길 12,292.0,0.0,112.4,84.99,76,3,2,114,58500.0,8억~9억,"5억 3,000",,
1,수유역두산위브,112C㎡,서울시 강북구 번동 410,서울시 강북구 덕릉로41길 12,292.0,0.0,112.85,84.99,75,3,2,99,58500.0,,,,
2,수유역두산위브,112B,서울시 강북구 번동 410,서울시 강북구 덕릉로41길 12,292.0,0.0,112.4,84.99,76,3,2,79,59000.0,9억,"5억 3,000",,
0,스카이캐슬(도시형),20A㎡,서울시 강북구 번동 446-59,서울시 강북구 오패산로77길 36,99.0,0.0,20.56,14.13,69,1,1,11,58500.0,,,,
1,스카이캐슬(도시형),20B㎡,서울시 강북구 번동 446-59,서울시 강북구 오패산로77길 36,99.0,0.0,20.58,14.14,69,1,1,10,59000.0,,,,
2,스카이캐슬(도시형),20C㎡,서울시 강북구 번동 446-59,서울시 강북구 오패산로77길 36,99.0,0.0,20.66,14.2,69,1,1,4,58500.0,,,,
3,스카이캐슬(도시형),20D㎡,서울시 강북구 번동 446-59,서울시 강북구 오패산로77길 36,99.0,0.0,20.72,14.24,69,1,1,3,67500.0,,,,
4,스카이캐슬(도시형),21A㎡,서울시 강북구 번동 446-59,서울시 강북구 오패산로77길 36,99.0,0.0,21.86,15.03,69,1,1,43,,"1억 9,650~2억 3,000",,,
5,스카이캐슬(도시형),21E㎡,서울시 강북구 번동 446-59,서울시 강북구 오패산로77길 36,99.0,0.0,21.04,14.46,69,1,1,11,67500,"2억 2,000",,,
6,스카이캐슬(도시형),22B㎡,서울시 강북구 번동 446-59,서울시 강북구 오패산로77길 36,99.0,0.0,22.8,15.67,69,1,1,9,,,,,
7,스카이캐슬(도시형),25㎡,서울시 강북구 번동 446-59,서울시 강북구 오패산로77길 36,99.0,0.0,25.24,17.35,69,1,1,7,,,,,
8,스카이캐슬(도시형),36,서울시 강북구 번동 446-59,서울시 강북구 오패산로77길 36,99.0,0.0,36.75,25.29,69,1,1,1,,,,,
0,시즌그랜드빌,46㎡,서울시 강북구 번동 454-106,서울시 강북구 덕릉로 199,12.0,0.0,46.62,39.34,84,2,1,4,58500.0,,,,
1,시즌그랜드빌,50㎡,서울시 강북구 번동 454-106,서울시 강북구 덕릉로 199,12.0,0.0,50.26,42.41,84,2,1,4,59000.0,,,,
2,시즌그랜드빌,56,서울시 강북구 번동 454-106,서울시 강북구 덕릉로 199,12.0,0.0,56.22,47.44,84,2,1,4,58500.0,,,,
0,신원,82㎡,서울시 강북구 번동 204,서울시 강북구 월계로37길 87-9,285.0,0.0,82.19,59.96,73,3,1,145,58500.0,"4억 5,000~5억 8,000","2억 8,000~3억 4,000",2억/35,2억/35
1,신원,107,서울시 강북구 번동 204,서울시 강북구 월계로37길 87-9,285.0,0.0,107.17,84.6,79,3,2,140,59000.0,"6억~8억 5,000","3억 5,000~4억 5,000","1억 7,000/70","1억 7,000/70"
0,쌍용,83㎡,서울시 강북구 번동 459-110,서울시 강북구 한천로124나길 10,99.0,0.0,83.32,59.94,72,3,1,51,58500.0,"4억 6,500~5억 4,000",,,
1,쌍용,105,서울시 강북구 번동 459-110,서울시 강북구 한천로124나길 10,99.0,0.0,105.31,84.92,81,3,2,48,59000.0,,,,
0,에코하우스(도시형),18A㎡,서울시 강북구 번동 449-12,서울시 강북구 도봉로82길 10-5,10.0,0.0,18.35,13.86,76,1,1,5,58500.0,,,,
1,에코하우스(도시형),21B㎡,서울시 강북구 번동 449-12,서울시 강북구 도봉로82길 10-5,10.0,0.0,21.09,15.93,76,1,1,4,59000.0,,,,
2,에코하우스(도시형),24,서울시 강북구 번동 449-12,서울시 강북구 도봉로82길 10-5,10.0,0.0,24.68,18.63,75,1,1,1,58500.0,,,,
0,오동공원현대홈타운,82㎡,서울시 강북구 번동 760,서울시 강북구 오현로31길 89,245.0,0.0,82.25,59.62,72,3,1,28,58500.0,"6억~6억 5,000",4억,,
1,오동공원현대홈타운,112A㎡,서울시 강북구 번동 760,서울시 강북구 오현로31길 89,245.0,0.0,112.92,84.44,75,3,2,19,59000.0,,,,
2,오동공원현대홈타운,113B㎡,서울시 강북구 번동 760,서울시 강북구 오현로31길 89,245.0,0.0,113.54,84.78,75,3,2,101,58500.0,"7억 5,000",,,
3,오동공원현대홈타운,149B㎡,서울시 강북구 번동 760,서울시 강북구 오현로31길 89,245.0,0.0,149.85,117.97,79,4,2,18,67500.0,9억,,,
4,오동공원현대홈타운,150A,서울시 강북구 번동 760,서울시 강북구 오현로31길 89,245.0,0.0,150.88,117.27,78,4,2,79,67500.0,"8억 9,000~9억 1,000",6억,3억/150~5억/50,3억/150~5억/50
0,유경와이케이라이마(도시형),26A㎡,서울시 강북구 번동 446-36,서울시 강북구 오패산로77길 16,56.0,0.0,26.54,18.47,70,1,1,11,58500.0,,"2억~2억 1,500",2억/10,2억/10
1,유경와이케이라이마(도시형),27B㎡,서울시 강북구 번동 446-36,서울시 강북구 오패산로77길 16,56.0,0.0,27.04,18.82,70,1,1,11,59000.0,,"2억 1,000",,
2,유경와이케이라이마(도시형),28㎡,서울시 강북구 번동 446-36,서울시 강북구 오패산로77길 16,56.0,0.0,28.98,20.17,70,1,1,22,58500.0,,"2억 1,000~2억 3,500",,
3,유경와이케이라이마(도시형),33A㎡,서울시 강북구 번동 446-36,서울시 강북구 오패산로77길 16,56.0,0.0,33.27,23.16,70,1,1,11,67500.0,,"2억 1,500~2억 2,000",,
4,유경와이케이라이마(도시형),64B,서울시 강북구 번동 446-36,서울시 강북구 오패산로77길 16,56.0,0.0,64.97,45.22,70,1,1,1,67500.0,,,,
0,장원,84A㎡,서울시 강북구 번동 148-500,서울시 강북구 오현로 134,32.0,0.0,84.7,71.1,84,3,2,8,59000.0,,,,
1,장원,85B㎡,서울시 강북구 번동 148-500,서울시 강북구 오현로 134,32.0,0.0,85.31,71.1,83,3,2,16,58500.0,"5억 2,000~5억 4,000",3억,,
2,장원,90,서울시 강북구 번동 148-500,서울시 강북구 오현로 134,32.0,0.0,90.96,76.35,84,3,2,8,58500.0,,,,
0,파크애비뉴(도시형),17㎡,서울시 강북구 번동 446-57,서울시 강북구 오패산로77길 32,26.0,0.0,17.57,12.36,70,1,1,13,58500.0,,,,
1,파크애비뉴(도시형),18A㎡,서울시 강북구 번동 446-57,서울시 강북구 오패산로77길 32,26.0,0.0,18.44,12.97,70,1,1,7,59000.0,,,,
2,파크애비뉴(도시형),19B,서울시 강북구 번동 446-57,서울시 강북구 오패산로77길 32,26.0,0.0,19.5,13.71,70,1,1,6,58500.0,,,,
0,한솔솔파크,109,서울시 강북구 번동 138,서울시 강북구 오현로 180,225.0,0.0,109.88,84.88,77,3,2,225,58500.0,"6억 4,000~7억 7,000","4억 8,000~5억 2,000",,
0,해모로,81A㎡,서울시 강북구 번동 139,서울시 강북구 오현로 156,430.0,0.0,81.97,59.94,73,3,1,60,58500.0,"5억 6,000~6억 2,000","2억 7,000",,
1,해모로,82B㎡,서울시 강북구 번동 139,서울시 강북구 오현로 156,430.0,0.0,82.02,59.98,73,3,1,80,59000.0,"5억 8,000~6억 8,000",,,
2,해모로,109㎡,서울시 강북구 번동 139,서울시 강북구 오현로 156,430.0,0.0,109.79,84.93,77,3,2,212,58500.0,"7억 5,000~9억 5,000","4억 5,000~4억 8,000",,
3,해모로,156,서울시 강북구 번동 139,서울시 강북구 오현로 156,430.0,0.0,156.35,127.25,81,4,2,78,67500.0,9억~10억,"6억 5,000",2억/180,2억/180
0,현대,71㎡,서울시 강북구 번동 148-494,서울시 강북구 오현로 140,90.0,0.0,71.65,59.97,84,3,1,45,58500.0,"5억~5억 7,000",3억,,
1,현대,101,서울시 강북구 번동 148-494,서울시 강북구 오현로 140,90.0,0.0,101.44,84.9,84,3,2,45,59000.0,"5억 7,000~6억 2,000","3억 5,000~4억",1억/100,1억/100
0,현대(꿈에그린),102A㎡,서울시 강북구 번동 271-2,서울시 강북구 월계로37길 137-8,19.0,0.0,102.24,84.66,83,3,2,15,58500.0,,,,
1,현대(꿈에그린),102B,서울시 강북구 번동 271-2,서울시 강북구 월계로37길 137-8,19.0,0.0,102.42,84.81,83,3,2,4,59000.0,,,,
0,혜성루첸리(도시형),43㎡,서울시 강북구 번동 417-59,서울시 강북구 덕릉로41길 66,10.0,0.0,43.63,34.47,79,1,1,5,58500.0,,,,
1,혜성루첸리(도시형),56,서울시 강북구 번동 417-59,서울시 강북구 덕릉로41길 66,10.0,0.0,56.19,44.39,79,2,1,5,59000.0,,,,
0,효성네오인텔리안(주상복합),52A㎡,서울시 강북구 번동 418-3,서울시 강북구 도봉로 352,121.0,0.0,52.99,40.99,77,1,1,11,58500.0,"2억 8,000",,,
1,효성네오인텔리안(주상복합),53B㎡,서울시 강북구 번동 418-3,서울시 강북구 도봉로 352,121.0,0.0,53.19,41.15,77,1,1,4,67500.0,,,,
2,효성네오인텔리안(주상복합),77㎡,서울시 강북구 번동 418-3,서울시 강북구 도봉로 352,121.0,0.0,77.3,59.8,77,2,1,2,67500.0,,,,
3,효성네오인텔리안(주상복합),91㎡,서울시 강북구 번동 418-3,서울시 강북구 도봉로 352,121.0,0.0,91.85,71.05,77,2,1,38,59000.0,"5억 5,000~6억 1,000","3억 4,000","2억 5,000/50","2억 5,000/50"
4,효성네오인텔리안(주상복합),104㎡,서울시 강북구 번동 418-3,서울시 강북구 도봉로 352,121.0,0.0,104.87,81.12,77,3,2,64,58500.0,"6억 8,000~8억","4억 3,000~4억 5,000","3억 4,000/40","3억 4,000/40"
5,효성네오인텔리안(주상복합),196,서울시 강북구 번동 418-3,서울시 강북구 도봉로 352,121.0,0.0,196.72,152.17,77,3,2,2,,12억,,,
0,훼미리힐,75㎡,서울시 강북구 번동 148-490,서울시 강북구 오현로 141,54.0,0.0,75.4,59.16,78,3,2,28,58500.0,"3억 7,000",,,
1,훼미리힐,94㎡,서울시 강북구 번동 148-490,서울시 강북구 오현로 141,54.0,0.0,94.03,78.84,84,3,2,13,59000.0,,,,
2,훼미리힐,151,서울시 강북구 번동 148-490,서울시 강북구 오현로 141,54.0,0.0,151.07,126.67,84,4,2,13,58500.0,"5억 5,000~6억 5,000",4억,,
0,JK아파트먼트,41㎡,서울시 강북구 수유동 130-43,서울시 강북구 수유로17나길 15,29.0,0.0,41.26,37.11,90,2,1,3,,,,,
1,JK아파트먼트,49㎡,서울시 강북구 수유동 130-43,서울시 강북구 수유로17나길 15,29.0,0.0,49.06,44.12,90,2,1,2,,,,,
2,JK아파트먼트,55A㎡,서울시 강북구 수유동 130-43,서울시 강북구 수유로17나길 15,29.0,0.0,55.11,49.56,90,3,2,3,,,"2억 7,800",,
3,JK아파트먼트,57C㎡,서울시 강북구 수유동 130-43,서울시 강북구 수유로17나길 15,29.0,0.0,57.68,51.87,90,3,2,2,,,,,
4,JK아파트먼트,57B㎡,서울시 강북구 수유동 130-43,서울시 강북구 수유로17나길 15,29.0,0.0,57.18,51.42,90,3,2,1,,,,,
5,JK아파트먼트,58A㎡,서울시 강북구 수유동 130-43,서울시 강북구 수유로17나길 15,29.0,0.0,58.17,52.31,90,3,2,2,,,,,
6,JK아파트먼트,59C㎡,서울시 강북구 수유동 130-43,서울시 강북구 수유로17나길 15,29.0,0.0,59.65,53.64,90,3,2,3,,,,,
7,JK아파트먼트,59B㎡,서울시 강북구 수유동 130-43,서울시 강북구 수유로17나길 15,29.0,0.0,59.58,53.58,90,3,2,2,,,,,
8,JK아파트먼트,60D㎡,서울시 강북구 수유동 130-43,서울시 강북구 수유로17나길 15,29.0,0.0,60.06,54.01,90,3,2,3,,,,,
9,JK아파트먼트,60E㎡,서울시 강북구 수유동 130-43,서울시 강북구 수유로17나길 15,29.0,0.0,60.08,54.03,90,3,2,1,,,,,
10,JK아파트먼트,64A㎡,서울시 강북구 수유동 130-43,서울시 강북구 수유로17나길 15,29.0,0.0,64.89,58.36,90,3,2,2,,,,,
11,JK아파트먼트,66㎡,서울시 강북구 수유동 130-43,서울시 강북구 수유로17나길 15,29.0,0.0,66.53,59.83,90,3,2,2,,,,,
12,JK아파트먼트,66B㎡,서울시 강북구 수유동 130-43,서울시 강북구 수유로17나길 15,29.0,0.0,66.06,59.41,90,3,2,1,,,,,
13,JK아파트먼트,67A㎡,서울시 강북구 수유동 130-43,서울시 강북구 수유로17나길 15,29.0,0.0,67.97,61.13,90,3,2,1,,,,,
14,JK아파트먼트,76A,서울시 강북구 수유동 130-43,서울시 강북구 수유로17나길 15,29.0,0.0,76.33,68.65,90,3,2,1,,,,,
0,SH스카이,70㎡,서울시 강북구 수유동 731,서울시 강북구 인수봉로23가길 3,48.0,0.0,70.88,56.63,80,3,2,8,,"3억 7,000","2억 3,000",,
1,SH스카이,101,서울시 강북구 수유동 731,서울시 강북구 인수봉로23가길 3,48.0,0.0,101.51,81.1,80,3,2,40,,"4억 2,000",,,
0,SK캐슬,63A㎡,서울시 강북구 수유동 277-14,서울시 강북구 삼양로130길 5-3,5.0,0.0,63.36,42.04,66,1,1,2,,,,,
1,SK캐슬,64B,서울시 강북구 수유동 277-14,서울시 강북구 삼양로130길 5-3,5.0,0.0,64.21,42.6,66,1,1,3,,,,,
0,경남아너스빌(주상복합),111,서울시 강북구 수유동 229-49,서울시 강북구 노해로8길 22,42.0,0.0,111.19,84.59,76,3,2,42,,"7억 5,000",,,
0,경원북한산휴그린,87A㎡,서울시 강북구 수유동 268-17,서울시 강북구 한천로 1139-2,28.0,0.0,87.92,59.84,68,3,2,16,,,,,
1,경원북한산휴그린,103B,서울시 강북구 수유동 268-17,서울시 강북구 한천로 1139-2,28.0,0.0,103.29,70.34,68,3,2,12,,5억,,,
0,골드빌,68㎡,서울시 강북구 수유동 569,서울시 강북구 4.19로 19-10,19.0,0.0,68.66,54.42,79,2,1,1,,,,,
1,골드빌,79A㎡,서울시 강북구 수유동 569,서울시 강북구 4.19로 19-10,19.0,0.0,79.71,63.18,79,3,2,2,,,,,
2,골드빌,80B㎡,서울시 강북구 수유동 569,서울시 강북구 4.19로 19-10,19.0,0.0,80.04,63.45,79,3,2,3,,,,,
3,골드빌,80C㎡,서울시 강북구 수유동 569,서울시 강북구 4.19로 19-10,19.0,0.0,80.79,64.05,79,3,2,1,,,,,
4,골드빌,89A㎡,서울시 강북구 수유동 569,서울시 강북구 4.19로 19-10,19.0,0.0,89.52,70.97,79,3,2,4,,,,,
5,골드빌,90B,서울시 강북구 수유동 569,서울시 강북구 4.19로 19-10,19.0,0.0,90.04,71.37,79,3,2,8,,,,,
0,공간라움(도시형),18C㎡,서울시 강북구 수유동 274-5,서울시 강북구 삼양로 498,29.0,0.0,18.81,13.9,74,1,1,3,,,,,
1,공간라움(도시형),19A㎡,서울시 강북구 수유동 274-5,서울시 강북구 삼양로 498,29.0,0.0,19.25,14.22,74,1,1,15,,"1억 2,500~1억 3,000",,,
2,공간라움(도시형),19B㎡,서울시 강북구 수유동 274-5,서울시 강북구 삼양로 498,29.0,0.0,19.03,14.06,74,1,1,4,,"1억 3,000",,,
3,공간라움(도시형),24A㎡,서울시 강북구 수유동 274-5,서울시 강북구 삼양로 498,29.0,0.0,24.93,18.42,74,1,1,4,,,,,
4,공간라움(도시형),25B,서울시 강북구 수유동 274-5,서울시 강북구 삼양로 498,29.0,0.0,25.2,18.62,74,1,1,3,,,,,
0,극동,90㎡,서울시 강북구 수유동 553-61,서울시 강북구 인수봉로72길 4,574.0,0.0,90.78,71.3,79,3,1,63,,,"3억 8,000",,
1,극동,104㎡,서울시 강북구 수유동 553-61,서울시 강북구 인수봉로72길 4,574.0,0.0,104.99,84.99,81,3,2,427,,"5억 4,000~6억 6,000","4억~5억 2,000","2억 5,000/60~2억 5,000/65","2억 5,000/60~2억 5,000/65"
2,극동,156㎡,서울시 강북구 수유동 553-61,서울시 강북구 인수봉로72길 4,574.0,0.0,156.13,134.45,86,4,2,56,,"8억 5,000~9억 5,000",,,
3,극동,182,서울시 강북구 수유동 553-61,서울시 강북구 인수봉로72길 4,574.0,0.0,182.73,159.28,87,5,2,28,,,,,
0,남광하이빌(도시형),39㎡,서울시 강북구 수유동 472-85,서울시 강북구 삼양로85길 21,36.0,0.0,39.53,35.23,89,1,1,1,,,,,
1,남광하이빌(도시형),52B㎡,서울시 강북구 수유동 472-85,서울시 강북구 삼양로85길 21,36.0,0.0,52.97,47.21,89,2,1,1,,,,,
2,남광하이빌(도시형),54A㎡,서울시 강북구 수유동 472-85,서울시 강북구 삼양로85길 21,36.0,0.0,54.16,45.56,84,2,1,1,,,,,
3,남광하이빌(도시형),56A㎡,서울시 강북구 수유동 472-85,서울시 강북구 삼양로85길 21,36.0,0.0,56.04,49.94,89,2,1,4,,,,,
4,남광하이빌(도시형),56B㎡,서울시 강북구 수유동 472-85,서울시 강북구 삼양로85길 21,36.0,0.0,56.53,50.38,89,2,1,4,,,,,
5,남광하이빌(도시형),57C㎡,서울시 강북구 수유동 472-85,서울시 강북구 삼양로85길 21,36.0,0.0,57.51,51.25,89,2,1,4,,,,,
6,남광하이빌(도시형),57B㎡,서울시 강북구 수유동 472-85,서울시 강북구 삼양로85길 21,36.0,0.0,57.86,48.68,84,2,1,1,,,,,
7,남광하이빌(도시형),59A㎡,서울시 강북구 수유동 472-85,서울시 강북구 삼양로85길 21,36.0,0.0,59.47,50,84,2,1,8,,,,,
8,남광하이빌(도시형),60C㎡,서울시 강북구 수유동 472-85,서울시 강북구 삼양로85길 21,36.0,0.0,60.98,51.31,84,2,1,6,,,,,
9,남광하이빌(도시형),60D㎡,서울시 강북구 수유동 472-85,서울시 강북구 삼양로85길 21,36.0,0.0,60.96,54.32,89,2,1,1,,,,,
10,남광하이빌(도시형),61㎡,서울시 강북구 수유동 472-85,서울시 강북구 삼양로85길 21,36.0,0.0,61.91,55.55,90,2,1,2,,,,,
11,남광하이빌(도시형),66A㎡,서울시 강북구 수유동 472-85,서울시 강북구 삼양로85길 21,36.0,0.0,66.18,59.38,90,3,1,2,,,,,
12,남광하이빌(도시형),67B,서울시 강북구 수유동 472-85,서울시 강북구 삼양로85길 21,36.0,0.0,67.29,59.97,89,3,1,1,,,,,
0,다경하이빌,30㎡,서울시 강북구 수유동 177-2,서울시 강북구 한천로140길 11-13,14.0,0.0,30.83,26.2,85,1,1,1,,,,,
1,다경하이빌,45A㎡,서울시 강북구 수유동 177-2,서울시 강북구 한천로140길 11-13,14.0,0.0,45.05,38.28,85,1,1,1,,,,,
2,다경하이빌,47B㎡,서울시 강북구 수유동 177-2,서울시 강북구 한천로140길 11-13,14.0,0.0,47.26,40.17,85,1,1,1,,,,,
3,다경하이빌,56㎡,서울시 강북구 수유동 177-2,서울시 강북구 한천로140길 11-13,14.0,0.0,56.11,47.69,85,2,1,1,,,,,
4,다경하이빌,71㎡,서울시 강북구 수유동 177-2,서울시 강북구 한천로140길 11-13,14.0,0.0,71.06,60.39,85,3,1,2,,,,,
5,다경하이빌,84㎡,서울시 강북구 수유동 177-2,서울시 강북구 한천로140길 11-13,14.0,0.0,84.19,71.55,85,3,2,1,,,,,
6,다경하이빌,86㎡,서울시 강북구 수유동 177-2,서울시 강북구 한천로140길 11-13,14.0,0.0,86.83,73.8,85,3,2,4,,,,,
7,다경하이빌,91,서울시 강북구 수유동 177-2,서울시 강북구 한천로140길 11-13,14.0,0.0,91.21,77.52,85,3,2,3,,,,,
0,대광맨션(도시형),48A㎡,서울시 강북구 수유동 472-326,서울시 강북구 삼양로83길 14,12.0,0.0,48.25,43.32,90,2,1,1,,,,,
1,대광맨션(도시형),49B㎡,서울시 강북구 수유동 472-326,서울시 강북구 삼양로83길 14,12.0,0.0,49.74,44.65,90,2,1,1,,,,,
2,대광맨션(도시형),52㎡,서울시 강북구 수유동 472-326,서울시 강북구 삼양로83길 14,12.0,0.0,52.21,46.88,90,2,1,3,,,,,
3,대광맨션(도시형),55A㎡,서울시 강북구 수유동 472-326,서울시 강북구 삼양로83길 14,12.0,0.0,55.01,49.39,90,2,1,3,,,,,
4,대광맨션(도시형),55B㎡,서울시 강북구 수유동 472-326,서울시 강북구 삼양로83길 14,12.0,0.0,55.68,49.99,90,2,1,3,,,,,
5,대광맨션(도시형),58,서울시 강북구 수유동 472-326,서울시 강북구 삼양로83길 14,12.0,0.0,58.06,52.13,90,2,1,1,,,,,
0,대성월드빌,36㎡,서울시 강북구 수유동 45-93,서울시 강북구 도봉로81길 24-1,9.0,0.0,36.06,30.8,85,1,1,4,,,,,
1,대성월드빌,63㎡,서울시 강북구 수유동 45-93,서울시 강북구 도봉로81길 24-1,9.0,0.0,63.43,54.17,85,3,2,4,,,,,
2,대성월드빌,70,서울시 강북구 수유동 45-93,서울시 강북구 도봉로81길 24-1,9.0,0.0,70.81,60.48,85,3,2,1,,,,,
0,대원쉐르빌(주상복합),57㎡,서울시 강북구 수유동 47-13,서울시 강북구 도봉로81길 37,28.0,0.0,57.59,50.16,87,3,2,14,,"5억 6,000",3억~4억,,
1,대원쉐르빌(주상복합),59,서울시 강북구 수유동 47-13,서울시 강북구 도봉로81길 37,28.0,0.0,59.25,51.6,87,3,2,14,,"4억 5,000~5억 2,000","3억 2,000~3억 3,000",,
0,대원아트빌(도시형),34㎡,서울시 강북구 수유동 48-45,서울시 강북구 수유로12길 11,12.0,0.0,34.86,28.17,81,1,1,4,,,,,
1,대원아트빌(도시형),50㎡,서울시 강북구 수유동 48-45,서울시 강북구 수유로12길 11,12.0,0.0,50.98,41.92,82,2,1,4,,,,,
2,대원아트빌(도시형),52,서울시 강북구 수유동 48-45,서울시 강북구 수유로12길 11,12.0,0.0,52.42,43.15,82,2,1,4,,,,,
0,대원하늘채,35㎡,서울시 강북구 수유동 472-540,서울시 강북구 삼양로81길 38-3,11.0,0.0,35.12,29.91,85,1,1,3,,,,,
1,대원하늘채,61㎡,서울시 강북구 수유동 472-540,서울시 강북구 삼양로81길 38-3,11.0,0.0,61.07,52.01,85,2,1,1,,,,,
2,대원하늘채,63㎡,서울시 강북구 수유동 472-540,서울시 강북구 삼양로81길 38-3,11.0,0.0,63.65,54.2,85,2,1,1,,,,,
3,대원하늘채,68㎡,서울시 강북구 수유동 472-540,서울시 강북구 삼양로81길 38-3,11.0,0.0,68.55,58.38,85,3,1,1,,,,,
4,대원하늘채,70B㎡,서울시 강북구 수유동 472-540,서울시 강북구 삼양로81길 38-3,11.0,0.0,70.24,59.82,85,3,1,3,,,,,
5,대원하늘채,70A,서울시 강북구 수유동 472-540,서울시 강북구 삼양로81길 38-3,11.0,0.0,70.16,59.75,85,3,1,2,,,,,
0,두온,61㎡,서울시 강북구 수유동 46-5,서울시 강북구 도봉로81길 42-8,19.0,0.0,61.9,54.76,88,3,1,4,,,,,
1,두온,67B㎡,서울시 강북구 수유동 46-5,서울시 강북구 도봉로81길 42-8,19.0,0.0,67.69,59.88,88,3,1,6,,,,,
2,두온,67A㎡,서울시 강북구 수유동 46-5,서울시 강북구 도봉로81길 42-8,19.0,0.0,67.25,59.49,88,3,1,3,,,,,
3,두온,73B㎡,서울시 강북구 수유동 46-5,서울시 강북구 도봉로81길 42-8,19.0,0.0,73.3,64.85,88,3,1,3,,,"2억 8,000",,
4,두온,73A㎡,서울시 강북구 수유동 46-5,서울시 강북구 도봉로81길 42-8,19.0,0.0,73.08,64.66,88,3,1,2,,,,,
5,두온,92,서울시 강북구 수유동 46-5,서울시 강북구 도봉로81길 42-8,19.0,0.0,92.78,82.1,88,3,2,1,,,,,
0,런던빌(도시형),34㎡,서울시 강북구 수유동 277-33,서울시 강북구 삼양로 494-1,28.0,0.0,34.65,29.74,86,1,1,4,,,,,
1,런던빌(도시형),34㎡,서울시 강북구 수유동 277-33,서울시 강북구 삼양로 494-1,28.0,0.0,34.86,29.96,86,1,1,4,,,,,
2,런던빌(도시형),42A㎡,서울시 강북구 수유동 277-33,서울시 강북구 삼양로 494-1,28.0,0.0,42.19,36.22,86,1,1,4,,,,,
3,런던빌(도시형),42B㎡,서울시 강북구 수유동 277-33,서울시 강북구 삼양로 494-1,28.0,0.0,42.39,36.44,86,1,1,4,,,,,
4,런던빌(도시형),42C㎡,서울시 강북구 수유동 277-33,서울시 강북구 삼양로 494-1,28.0,0.0,42.59,36.61,86,1,1,4,,,,,
5,런던빌(도시형),44D㎡,서울시 강북구 수유동 277-33,서울시 강북구 삼양로 494-1,28.0,0.0,44.31,38.09,86,1,1,1,,,,,
6,런던빌(도시형),45A㎡,서울시 강북구 수유동 277-33,서울시 강북구 삼양로 494-1,28.0,0.0,45.25,38.84,86,1,1,4,,,,,
7,런던빌(도시형),45B㎡,서울시 강북구 수유동 277-33,서울시 강북구 삼양로 494-1,28.0,0.0,45.54,39.1,86,1,1,1,,,,,
8,런던빌(도시형),45C㎡,서울시 강북구 수유동 277-33,서울시 강북구 삼양로 494-1,28.0,0.0,45.25,38.9,86,1,1,1,,,,,
9,런던빌(도시형),47D,서울시 강북구 수유동 277-33,서울시 강북구 삼양로 494-1,28.0,0.0,47.18,40.5,86,1,1,1,,,,,
0,리앤지2차(도시형),20,서울시 강북구 수유동 77-8,서울시 강북구 도봉로71가길 38-10,12.0,0.0,20.51,15.85,77,1,1,12,,,,,
0,리앤진3차(도시형),24㎡,서울시 강북구 수유동 50-89,서울시 강북구 도봉로77길 27-7,8.0,0.0,24.16,17.64,73,1,1,4,,,,,
1,리앤진3차(도시형),53,서울시 강북구 수유동 50-89,서울시 강북구 도봉로77길 27-7,8.0,0.0,53.19,38.84,73,1,1,4,,,,,
0,모던하우스(도시형),34㎡,서울시 강북구 수유동 281-31,서울시 강북구 삼양로131길 23-20,16.0,0.0,34.1,29.97,88,2,1,4,,,,,
1,모던하우스(도시형),39㎡,서울시 강북구 수유동 281-31,서울시 강북구 삼양로131길 23-20,16.0,0.0,39.46,34.68,88,2,1,1,,,,,
2,모던하우스(도시형),40A㎡,서울시 강북구 수유동 281-31,서울시 강북구 삼양로131길 23-20,16.0,0.0,40.44,35.55,88,2,1,1,,,,,
3,모던하우스(도시형),42B㎡,서울시 강북구 수유동 281-31,서울시 강북구 삼양로131길 23-20,16.0,0.0,42.85,37.66,88,2,1,3,,,,,
4,모던하우스(도시형),44A㎡,서울시 강북구 수유동 281-31,서울시 강북구 삼양로131길 23-20,16.0,0.0,44.63,39.22,88,2,1,4,,,,,
5,모던하우스(도시형),45B,서울시 강북구 수유동 281-31,서울시 강북구 삼양로131길 23-20,16.0,0.0,45.33,39.84,88,2,1,3,,,,,
0,백두골드,57㎡,서울시 강북구 수유동 710-15,서울시 강북구 노해로35길 67,18.0,0.0,57.28,50.8,89,2,1,1,,,,,
1,백두골드,63㎡,서울시 강북구 수유동 710-15,서울시 강북구 노해로35길 67,18.0,0.0,63.79,56.57,89,2,1,1,,,,,
2,백두골드,74㎡,서울시 강북구 수유동 710-15,서울시 강북구 노해로35길 67,18.0,0.0,74.17,65.79,89,2,1,1,,,,,
3,백두골드,74㎡,서울시 강북구 수유동 710-15,서울시 강북구 노해로35길 67,18.0,0.0,74.48,66.06,89,3,2,1,,,,,
4,백두골드,79㎡,서울시 강북구 수유동 710-15,서울시 강북구 노해로35길 67,18.0,0.0,79.43,70.45,89,3,2,1,,,,,
5,백두골드,82A㎡,서울시 강북구 수유동 710-15,서울시 강북구 노해로35길 67,18.0,0.0,82.56,73.23,89,3,2,4,,,,,
6,백두골드,82B㎡,서울시 강북구 수유동 710-15,서울시 강북구 노해로35길 67,18.0,0.0,82.68,73.33,89,3,2,4,,,,,
7,백두골드,92,서울시 강북구 수유동 710-15,서울시 강북구 노해로35길 67,18.0,0.0,92.21,81.79,89,3,2,5,,,,,
0,보광,81㎡,서울시 강북구 수유동 360-1,서울시 강북구 삼각산로 109,96.0,0.0,81.19,61.22,75,3,1,42,,,,,
1,보광,89,서울시 강북구 수유동 360-1,서울시 강북구 삼각산로 109,96.0,0.0,89.49,67.37,75,3,1,54,,,,,
0,부강쉐르빌,48A㎡,서울시 강북구 수유동 281-51,서울시 강북구 삼양로129길 11-4,19.0,0.0,48.83,40.52,83,2,1,1,,"1억 9,500",,,
1,부강쉐르빌,48B㎡,서울시 강북구 수유동 281-51,서울시 강북구 삼양로129길 11-4,19.0,0.0,48.96,40.58,83,2,1,1,,,,,
2,부강쉐르빌,52㎡,서울시 강북구 수유동 281-51,서울시 강북구 삼양로129길 11-4,19.0,0.0,52.83,43.33,82,2,1,1,,,,,
3,부강쉐르빌,59㎡,서울시 강북구 수유동 281-51,서울시 강북구 삼양로129길 11-4,19.0,0.0,59.98,50.12,84,2,1,3,,,,,
4,부강쉐르빌,62㎡,서울시 강북구 수유동 281-51,서울시 강북구 삼양로129길 11-4,19.0,0.0,62.27,51.84,83,2,1,1,,,,,
5,부강쉐르빌,65A㎡,서울시 강북구 수유동 281-51,서울시 강북구 삼양로129길 11-4,19.0,0.0,65.45,54.66,84,2,1,2,,"2억 6,000",,,
6,부강쉐르빌,66B㎡,서울시 강북구 수유동 281-51,서울시 강북구 삼양로129길 11-4,19.0,0.0,66.55,55.41,83,2,1,1,,"2억 5,000",,,
7,부강쉐르빌,68B㎡,서울시 강북구 수유동 281-51,서울시 강북구 삼양로129길 11-4,19.0,0.0,68.02,56.84,84,2,1,3,,,,,
8,부강쉐르빌,68A㎡,서울시 강북구 수유동 281-51,서울시 강북구 삼양로129길 11-4,19.0,0.0,68.01,56.79,84,2,1,2,,,,,
9,부강쉐르빌,72,서울시 강북구 수유동 281-51,서울시 강북구 삼양로129길 11-4,19.0,0.0,72.35,60.57,84,2,1,4,,"3억 3,000",,,
0,북한산네이처파크,52㎡,서울시 강북구 수유동 734,서울시 강북구 4.19로9길 17,53.0,0.0,52.57,38.55,73,2,1,1,,,,,
1,북한산네이처파크,57㎡,서울시 강북구 수유동 734,서울시 강북구 4.19로9길 17,53.0,0.0,57.01,42.32,74,2,1,1,,,,,
2,북한산네이처파크,57A㎡,서울시 강북구 수유동 734,서울시 강북구 4.19로9길 17,53.0,0.0,57.96,43.04,74,2,1,1,,,,,
3,북한산네이처파크,59B㎡,서울시 강북구 수유동 734,서울시 강북구 4.19로9길 17,53.0,0.0,59.66,44.42,74,2,1,1,,,,,
4,북한산네이처파크,62㎡,서울시 강북구 수유동 734,서울시 강북구 4.19로9길 17,53.0,0.0,62.15,46.85,75,2,1,1,,,,,
5,북한산네이처파크,64A㎡,서울시 강북구 수유동 734,서울시 강북구 4.19로9길 17,53.0,0.0,64.83,48.35,75,3,1,1,,,,,
6,북한산네이처파크,66B㎡,서울시 강북구 수유동 734,서울시 강북구 4.19로9길 17,53.0,0.0,66.42,49.69,75,3,1,1,,,,,
7,북한산네이처파크,67C㎡,서울시 강북구 수유동 734,서울시 강북구 4.19로9길 17,53.0,0.0,67.16,50.26,75,3,1,11,,"4억 5,000",,,
8,북한산네이처파크,68A㎡,서울시 강북구 수유동 734,서울시 강북구 4.19로9길 17,53.0,0.0,68.04,51,75,3,1,1,,,,,
9,북한산네이처파크,68B㎡,서울시 강북구 수유동 734,서울시 강북구 4.19로9길 17,53.0,0.0,68.89,51.61,75,3,1,1,,,,,
10,북한산네이처파크,69C㎡,서울시 강북구 수유동 734,서울시 강북구 4.19로9길 17,53.0,0.0,69.57,52.28,75,3,1,1,,,,,
11,북한산네이처파크,70D㎡,서울시 강북구 수유동 734,서울시 강북구 4.19로9길 17,53.0,0.0,70.54,52.74,75,3,1,1,,,,,
12,북한산네이처파크,74A㎡,서울시 강북구 수유동 734,서울시 강북구 4.19로9길 17,53.0,0.0,74.41,55.8,75,3,1,5,,,,,
13,북한산네이처파크,75B㎡,서울시 강북구 수유동 734,서울시 강북구 4.19로9길 17,53.0,0.0,75.9,56.95,75,3,1,6,,,,,
14,북한산네이처파크,78A㎡,서울시 강북구 수유동 734,서울시 강북구 4.19로9길 17,53.0,0.0,78.97,59.43,75,3,1,5,,,,,
15,북한산네이처파크,78B㎡,서울시 강북구 수유동 734,서울시 강북구 4.19로9길 17,53.0,0.0,78.52,59.67,76,3,1,4,,"4억 8,000",,,
16,북한산네이처파크,79C㎡,서울시 강북구 수유동 734,서울시 강북구 4.19로9길 17,53.0,0.0,79.42,59.88,75,3,1,6,,,,,
17,북한산네이처파크,79D㎡,서울시 강북구 수유동 734,서울시 강북구 4.19로9길 17,53.0,0.0,79.54,59.95,75,3,1,4,,"4억 5,000",,,
18,북한산네이처파크,81,서울시 강북구 수유동 734,서울시 강북구 4.19로9길 17,53.0,0.0,81.22,59.5,73,3,2,1,,,,,
0,북한산스카이뷰,59S㎡,서울시 강북구 수유동 739,서울시 강북구 4.19로9길 18,55.0,0.0,59.52,50.38,85,3,2,1,,,,,
1,북한산스카이뷰,64R㎡,서울시 강북구 수유동 739,서울시 강북구 4.19로9길 18,55.0,0.0,64.68,54.15,84,3,2,7,,"4억 8,000",,,
2,북한산스카이뷰,64Q㎡,서울시 강북구 수유동 739,서울시 강북구 4.19로9길 18,55.0,0.0,64.85,55.28,85,3,2,1,,,,,
3,북한산스카이뷰,65P㎡,서울시 강북구 수유동 739,서울시 강북구 4.19로9길 18,55.0,0.0,65.43,56.01,86,3,2,6,,,"3억 7,000",,
4,북한산스카이뷰,66O㎡,서울시 강북구 수유동 739,서울시 강북구 4.19로9길 18,55.0,0.0,66.7,56.96,85,3,2,5,,"4억 4,000~4억 5,000",,"1억 3,000/50","1억 3,000/50"
5,북한산스카이뷰,66M㎡,서울시 강북구 수유동 739,서울시 강북구 4.19로9길 18,55.0,0.0,66.93,57.22,85,3,2,1,,,,,
6,북한산스카이뷰,67L㎡,서울시 강북구 수유동 739,서울시 강북구 4.19로9길 18,55.0,0.0,67.56,56.81,84,3,2,3,,,,,
7,북한산스카이뷰,67N㎡,서울시 강북구 수유동 739,서울시 강북구 4.19로9길 18,55.0,0.0,67.11,56.41,84,3,2,3,,,,,
8,북한산스카이뷰,67J㎡,서울시 강북구 수유동 739,서울시 강북구 4.19로9길 18,55.0,0.0,67.94,57.45,85,3,2,1,,,,,
9,북한산스카이뷰,67K㎡,서울시 강북구 수유동 739,서울시 강북구 4.19로9길 18,55.0,0.0,67.94,57.21,84,3,2,1,,,,,
10,북한산스카이뷰,69I㎡,서울시 강북구 수유동 739,서울시 강북구 4.19로9길 18,55.0,0.0,69.09,59.37,86,3,2,5,,,,,
11,북한산스카이뷰,69H㎡,서울시 강북구 수유동 739,서울시 강북구 4.19로9길 18,55.0,0.0,69.63,59.62,86,3,2,1,,,,,
12,북한산스카이뷰,70F㎡,서울시 강북구 수유동 739,서울시 강북구 4.19로9길 18,55.0,0.0,70.58,59.83,85,3,2,5,,"4억 6,000",,,
13,북한산스카이뷰,70G㎡,서울시 강북구 수유동 739,서울시 강북구 4.19로9길 18,55.0,0.0,70.46,59.51,84,3,2,1,,"4억 5,000",,,
14,북한산스카이뷰,75E㎡,서울시 강북구 수유동 739,서울시 강북구 4.19로9길 18,55.0,0.0,75.27,64.5,86,3,2,7,,,,,
15,북한산스카이뷰,75D㎡,서울시 강북구 수유동 739,서울시 강북구 4.19로9길 18,55.0,0.0,75.21,64.4,86,3,2,1,,,,,
16,북한산스카이뷰,77C㎡,서울시 강북구 수유동 739,서울시 강북구 4.19로9길 18,55.0,0.0,77.44,66.28,86,3,2,3,,,,,
17,북한산스카이뷰,77B㎡,서울시 강북구 수유동 739,서울시 강북구 4.19로9길 18,55.0,0.0,77.89,66.65,86,3,2,2,,,,,
18,북한산스카이뷰,95A,서울시 강북구 수유동 739,서울시 강북구 4.19로9길 18,55.0,0.0,95.24,82.11,86,3,2,1,,,,,
0,삼성타운,68㎡,서울시 강북구 수유동 338-1,서울시 강북구 삼양로112길 15,18.0,0.0,68.09,57.12,84,3,1,1,,,,,
1,삼성타운,75㎡,서울시 강북구 수유동 338-1,서울시 강북구 삼양로112길 15,18.0,0.0,75.49,63.33,84,3,1,1,,"3억 3,000",,,
2,삼성타운,85㎡,서울시 강북구 수유동 338-1,서울시 강북구 삼양로112길 15,18.0,0.0,85.54,71.77,84,3,2,1,,,,,
3,삼성타운,89㎡,서울시 강북구 수유동 338-1,서울시 강북구 삼양로112길 15,18.0,0.0,89.89,75.41,84,3,2,1,,,,,
4,삼성타운,93㎡,서울시 강북구 수유동 338-1,서울시 강북구 삼양로112길 15,18.0,0.0,93.4,78.37,84,3,2,1,,,,,
5,삼성타운,94A㎡,서울시 강북구 수유동 338-1,서울시 강북구 삼양로112길 15,18.0,0.0,94.41,79.21,84,3,2,1,,,,,
6,삼성타운,97B㎡,서울시 강북구 수유동 338-1,서울시 강북구 삼양로112길 15,18.0,0.0,97.28,81.61,84,3,2,3,,,,,
7,삼성타운,101,서울시 강북구 수유동 338-1,서울시 강북구 삼양로112길 15,18.0,0.0,101.27,84.97,84,3,2,9,,,,,
0,삼호(주상복합),99㎡,서울시 강북구 수유동 63,서울시 강북구 도봉로 261,79.0,0.0,99.88,74.48,75,3,1,64,,6억,"3억 6,000~3억 8,000","2억 5,000/65","2억 5,000/65"
1,삼호(주상복합),153,서울시 강북구 수유동 63,서울시 강북구 도봉로 261,79.0,0.0,153.44,114.42,75,4,2,15,,"9억 5,000",,,
0,성덕,72,서울시 강북구 수유동 50-82,서울시 강북구 수유로12길 43,12.0,0.0,72.68,62.91,87,3,1,12,,,,,
0,세영,52㎡,서울시 강북구 수유동 403-17,서울시 강북구 삼양로 366,17.0,0.0,52.32,45.39,87,2,1,1,,,,,
1,세영,57㎡,서울시 강북구 수유동 403-17,서울시 강북구 삼양로 366,17.0,0.0,57.49,49.88,87,2,1,5,,,,,
2,세영,63㎡,서울시 강북구 수유동 403-17,서울시 강북구 삼양로 366,17.0,0.0,63.21,54.84,87,2,1,1,,,,,
3,세영,89A㎡,서울시 강북구 수유동 403-17,서울시 강북구 삼양로 366,17.0,0.0,89.62,77.75,87,3,2,1,,,,,
4,세영,89B㎡,서울시 강북구 수유동 403-17,서울시 강북구 삼양로 366,17.0,0.0,89.88,77.98,87,3,2,1,,,,,
5,세영,91A㎡,서울시 강북구 수유동 403-17,서울시 강북구 삼양로 366,17.0,0.0,91.69,79.55,87,3,2,4,,,,,
6,세영,91B,서울시 강북구 수유동 403-17,서울시 강북구 삼양로 366,17.0,0.0,91.95,79.78,87,3,2,4,,,,,
0,수유다우아트리체(도시형),21D㎡,서울시 강북구 수유동 279-74,서울시 강북구 한천로 1174,72.0,0.0,21.93,14.86,68,1,1,42,,"1억 5,000~1억 6,000",,,
1,수유다우아트리체(도시형),21C,서울시 강북구 수유동 279-74,서울시 강북구 한천로 1174,72.0,0.0,21.74,14.73,68,1,1,30,,"1억 4,500~1억 5,800",,,
0,수유대림(주상복합),99㎡,서울시 강북구 수유동 50-75,서울시 강북구 도봉로71가길 11,24.0,0.0,99.54,78.35,79,3,2,18,,,,2억/50~2억/70,2억/50~2억/70
1,수유대림(주상복합),143,서울시 강북구 수유동 50-75,서울시 강북구 도봉로71가길 11,24.0,0.0,143.57,112.99,79,3,2,6,,,,,
0,수유래미안,82㎡,서울시 강북구 수유동 730,서울시 강북구 한천로159길 8,690.0,180.0,82.5,59.88,73,3,1,183,,"5억 8,000~6억 9,000","3억 3,000~3억 7,000",1억/90,1억/90
1,수유래미안,107㎡,서울시 강북구 수유동 730,서울시 강북구 한천로159길 8,690.0,180.0,107.69,84.99,79,3,2,194,,"7억 9,000~9억 7,000",4억~6억,1억/200~4억/30,1억/200~4억/30
2,수유래미안,145,서울시 강북구 수유동 730,서울시 강북구 한천로159길 8,690.0,180.0,145.01,114.78,79,4,2,133,,"9억 5,000~9억 6,000",,,
0,수유벽산1차,84㎡,서울시 강북구 수유동 205,서울시 강북구 삼각산로 143-1,1454.0,0.0,84.85,63.78,75,3,1,452,,"5억 7,000~6억 5,000","2억 8,000~4억","1억/100~2억 5,000/40","1억/100~2억 5,000/40"
1,수유벽산1차,104S㎡,서울시 강북구 수유동 205,서울시 강북구 삼각산로 143-1,1454.0,0.0,104.9,84.95,81,3,2,154,,"7억 5,000~8억",5억,,
2,수유벽산1차,105N㎡,서울시 강북구 수유동 205,서울시 강북구 삼각산로 143-1,1454.0,0.0,105.14,84.92,81,3,2,348,,"7억 2,000~8억 2,000","3억 8,000~5억",,
3,수유벽산1차,141,서울시 강북구 수유동 205,서울시 강북구 삼각산로 143-1,1454.0,0.0,141.24,122.58,87,4,2,500,,"8억 2,000~9억","5억~5억 7,000","1억 5,000/140~3억 8,000/70","1억 5,000/140~3억 8,000/70"
0,수유벽산2차,71㎡,서울시 강북구 수유동 648,서울시 강북구 삼각산로 143-1,146.0,0.0,71.47,57.46,80,3,1,29,,"5억 7,000~5억 9,000",,1억/100,1억/100
1,수유벽산2차,74㎡,서울시 강북구 수유동 648,서울시 강북구 삼각산로 143-1,146.0,0.0,74.62,59.99,80,3,1,15,,,,"6,000/100","6,000/100"
2,수유벽산2차,104㎡,서울시 강북구 수유동 648,서울시 강북구 삼각산로 143-1,146.0,0.0,104.75,84.22,80,3,2,60,,"7억 5,000","5억 5,000",,
3,수유벽산2차,142,서울시 강북구 수유동 648,서울시 강북구 삼각산로 143-1,146.0,0.0,142.09,114.24,80,4,2,42,,"8억 6,000",,,
0,수유역하이시티(도시형),16D㎡,서울시 강북구 수유동 733,서울시 강북구 도봉로71가길 16,144.0,0.0,16.8,12.02,72,1,1,48,,"9,300~9,800",,,
1,수유역하이시티(도시형),16C㎡,서울시 강북구 수유동 733,서울시 강북구 도봉로71가길 16,144.0,0.0,16.79,12.01,72,1,1,32,,"9,000",,,
2,수유역하이시티(도시형),17A㎡,서울시 강북구 수유동 733,서울시 강북구 도봉로71가길 16,144.0,0.0,17.25,12.33,71,1,1,32,,"9,000~1억",1억 500,,
3,수유역하이시티(도시형),17B,서울시 강북구 수유동 733,서울시 강북구 도봉로71가길 16,144.0,0.0,17.04,12.19,72,1,1,32,,,,,
0,수유프리미어엠(도시형),22B㎡,서울시 강북구 수유동 48-8,서울시 강북구 덕릉로 76,110.0,0.0,22.59,15.13,67,1,1,36,,"1억 1,300~1억 2,000",,,
1,수유프리미어엠(도시형),25C㎡,서울시 강북구 수유동 48-8,서울시 강북구 덕릉로 76,110.0,0.0,25.15,16.84,67,1,1,10,,"1억~1억 2,100",,,
2,수유프리미어엠(도시형),27E㎡,서울시 강북구 수유동 48-8,서울시 강북구 덕릉로 76,110.0,0.0,27.3,18.28,67,1,1,4,,"1억 1,500",,,
3,수유프리미어엠(도시형),28A㎡,서울시 강북구 수유동 48-8,서울시 강북구 덕릉로 76,110.0,0.0,28.37,19,67,1,1,50,,"1억 1,000~1억 3,030",,,
4,수유프리미어엠(도시형),34D,서울시 강북구 수유동 48-8,서울시 강북구 덕릉로 76,110.0,0.0,34.94,23.4,67,1,1,10,,"1억 5,000~1억 5,500",,,
0,수유하이츠,54㎡,서울시 강북구 수유동 310-15,서울시 강북구 삼양로111길 18-10,66.0,0.0,54.36,48.6,89,3,1,3,,,,,
1,수유하이츠,58A㎡,서울시 강북구 수유동 310-15,서울시 강북구 삼양로111길 18-10,66.0,0.0,58.68,53.28,91,3,1,6,,,,,
2,수유하이츠,59B㎡,서울시 강북구 수유동 310-15,서울시 강북구 삼양로111길 18-10,66.0,0.0,59.94,54.54,91,3,1,6,,,,,
3,수유하이츠,60C㎡,서울시 강북구 수유동 310-15,서울시 강북구 삼양로111길 18-10,66.0,0.0,60.48,55.08,91,3,1,3,,,,,
4,수유하이츠,69A㎡,서울시 강북구 수유동 310-15,서울시 강북구 삼양로111길 18-10,66.0,0.0,69.66,63.9,92,3,1,30,,,,,
5,수유하이츠,70B㎡,서울시 강북구 수유동 310-15,서울시 강북구 삼양로111길 18-10,66.0,0.0,70.56,64.8,92,3,1,3,,,,,
6,수유하이츠,72㎡,서울시 강북구 수유동 310-15,서울시 강북구 삼양로111길 18-10,66.0,0.0,72.81,67.05,92,3,1,3,,,,,
7,수유하이츠,75㎡,서울시 강북구 수유동 310-15,서울시 강북구 삼양로111길 18-10,66.0,0.0,75.6,70.2,93,3,1,6,,,,,
8,수유하이츠,79,서울시 강북구 수유동 310-15,서울시 강북구 삼양로111길 18-10,66.0,0.0,79.56,73.8,93,3,1,6,,,,,
0,수유현대,66㎡,서울시 강북구 수유동 729,서울시 강북구 한천로 1131,110.0,0.0,66.25,51.38,78,2,1,12,,,,,
1,수유현대,76A㎡,서울시 강북구 수유동 729,서울시 강북구 한천로 1131,110.0,0.0,76.94,59.67,78,3,1,39,,,"3억 6,000",,
2,수유현대,77B㎡,서울시 강북구 수유동 729,서울시 강북구 한천로 1131,110.0,0.0,77.09,59.79,78,3,1,13,,,,,
3,수유현대,105A㎡,서울시 강북구 수유동 729,서울시 강북구 한천로 1131,110.0,0.0,105.21,81.59,78,3,2,1,,,,,
4,수유현대,106B㎡,서울시 강북구 수유동 729,서울시 강북구 한천로 1131,110.0,0.0,106.57,82.65,78,3,2,12,,,,,
5,수유현대,108,서울시 강북구 수유동 729,서울시 강북구 한천로 1131,110.0,0.0,108.97,84.51,78,3,2,33,,"6억 5,000","4억 2,000",,
0,스마트명가(주상복합),40㎡,서울시 강북구 수유동 86-2,서울시 강북구 도봉로73길 9,8.0,0.0,40.37,30.14,75,1,1,4,,,,,
1,스마트명가(주상복합),55,서울시 강북구 수유동 86-2,서울시 강북구 도봉로73길 9,8.0,0.0,55.56,41.46,75,2,1,4,,,,,
0,시티팰리스(도시형),35A㎡,서울시 강북구 수유동 180-29,서울시 강북구 한천로148길 28-6,10.0,0.0,35.38,29.53,83,1,1,2,,,,,
1,시티팰리스(도시형),35B㎡,서울시 강북구 수유동 180-29,서울시 강북구 한천로148길 28-6,10.0,0.0,35.79,29.87,83,1,1,1,,,,,
2,시티팰리스(도시형),35C㎡,서울시 강북구 수유동 180-29,서울시 강북구 한천로148길 28-6,10.0,0.0,35.8,29.88,83,1,1,1,,,,,
3,시티팰리스(도시형),48㎡,서울시 강북구 수유동 180-29,서울시 강북구 한천로148길 28-6,10.0,0.0,48.05,40.1,83,1,1,1,,,,,
4,시티팰리스(도시형),55㎡,서울시 강북구 수유동 180-29,서울시 강북구 한천로148길 28-6,10.0,0.0,55.11,46,83,2,1,2,,,,,
5,시티팰리스(도시형),62㎡,서울시 강북구 수유동 180-29,서울시 강북구 한천로148길 28-6,10.0,0.0,62.38,52.06,83,2,1,2,,,,,
6,시티팰리스(도시형),71,서울시 강북구 수유동 180-29,서울시 강북구 한천로148길 28-6,10.0,0.0,71.63,59.78,83,3,1,1,,,,,
0,씨엘블루,42A㎡,서울시 강북구 수유동 50-17,서울시 강북구 도봉로71가길 45,20.0,0.0,42.52,31.82,75,1,1,4,,,,,
1,씨엘블루,43B㎡,서울시 강북구 수유동 50-17,서울시 강북구 도봉로71가길 45,20.0,0.0,43.69,32.7,75,1,1,8,,,,,
2,씨엘블루,44,서울시 강북구 수유동 50-17,서울시 강북구 도봉로71가길 45,20.0,0.0,44.73,33.48,75,1,1,8,,,,,
0,"에피소드수유838(민간임대,도시형)",25B㎡,서울시 강북구 수유동 740,서울시 강북구 도봉로 315,293.0,293.0,25.93,15.64,60,1,1,36,,,,"1,000/82","1,000/82"
1,"에피소드수유838(민간임대,도시형)",27A㎡,서울시 강북구 수유동 740,서울시 강북구 도봉로 315,293.0,293.0,27.08,15.58,58,1,1,5,,,,,
2,"에피소드수유838(민간임대,도시형)",28B1㎡,서울시 강북구 수유동 740,서울시 강북구 도봉로 315,293.0,293.0,28.16,16.58,59,1,1,48,,,,"1,000/70","1,000/70"
3,"에피소드수유838(민간임대,도시형)",28A1㎡,서울시 강북구 수유동 740,서울시 강북구 도봉로 315,293.0,293.0,28.82,16.44,57,1,1,16,,,,,
4,"에피소드수유838(민간임대,도시형)",29E㎡,서울시 강북구 수유동 740,서울시 강북구 도봉로 315,293.0,293.0,29.15,17.54,60,1,1,32,,,,,
5,"에피소드수유838(민간임대,도시형)",29D㎡,서울시 강북구 수유동 740,서울시 강북구 도봉로 315,293.0,293.0,29.21,17.64,60,1,1,27,,,,,
6,"에피소드수유838(민간임대,도시형)",29F㎡,서울시 강북구 수유동 740,서울시 강북구 도봉로 315,293.0,293.0,29.65,17.98,61,1,1,14,,,,,
7,"에피소드수유838(민간임대,도시형)",29A2㎡,서울시 강북구 수유동 740,서울시 강북구 도봉로 315,293.0,293.0,29.63,17.38,59,1,1,10,,,,,
8,"에피소드수유838(민간임대,도시형)",29B2㎡,서울시 강북구 수유동 740,서울시 강북구 도봉로 315,293.0,293.0,29.11,17.46,60,1,1,6,,,,,
9,"에피소드수유838(민간임대,도시형)",29C㎡,서울시 강북구 수유동 740,서울시 강북구 도봉로 315,293.0,293.0,29.96,17.58,59,1,1,3,,,,,
10,"에피소드수유838(민간임대,도시형)",33B㎡,서울시 강북구 수유동 740,서울시 강북구 도봉로 315,293.0,293.0,33.62,20.57,61,1,1,4,,,,,
11,"에피소드수유838(민간임대,도시형)",34A㎡,서울시 강북구 수유동 740,서울시 강북구 도봉로 315,293.0,293.0,34.87,21.04,60,1,1,27,,,,,
12,"에피소드수유838(민간임대,도시형)",34C㎡,서울시 강북구 수유동 740,서울시 강북구 도봉로 315,293.0,293.0,34.8,20.98,60,1,1,12,,,,,
13,"에피소드수유838(민간임대,도시형)",35B㎡,서울시 강북구 수유동 740,서울시 강북구 도봉로 315,293.0,293.0,35.89,21.99,61,1,1,32,,,,,
14,"에피소드수유838(민간임대,도시형)",35A㎡,서울시 강북구 수유동 740,서울시 강북구 도봉로 315,293.0,293.0,35.49,20.54,58,1,1,3,,,,,
15,"에피소드수유838(민간임대,도시형)",54㎡,서울시 강북구 수유동 740,서울시 강북구 도봉로 315,293.0,293.0,54.4,31.98,59,1,1,1,,,,"2,000/152","2,000/152"
16,"에피소드수유838(민간임대,도시형)",55㎡,서울시 강북구 수유동 740,서울시 강북구 도봉로 315,293.0,293.0,55.97,33.49,60,1,1,1,,,,,
17,"에피소드수유838(민간임대,도시형)",68㎡,서울시 강북구 수유동 740,서울시 강북구 도봉로 315,293.0,293.0,68.5,42.87,63,1,1,15,,,,"3,000/285~3,000/290","3,000/285~3,000/290"
18,"에피소드수유838(민간임대,도시형)",80,서울시 강북구 수유동 740,서울시 강북구 도봉로 315,293.0,293.0,80.38,48.89,61,1,1,1,,,,,
0,"에피소드수유838(민간임대,주상복합)",21E㎡,서울시 강북구 수유동 740,서울시 강북구 도봉로 315,265.0,265.0,21.21,11.25,53,1,1,59,,,,"1,000/68","1,000/68"
1,"에피소드수유838(민간임대,주상복합)",21A㎡,서울시 강북구 수유동 740,서울시 강북구 도봉로 315,265.0,265.0,21.62,11.1,51,1,1,12,,,,,
2,"에피소드수유838(민간임대,주상복합)",21D㎡,서울시 강북구 수유동 740,서울시 강북구 도봉로 315,265.0,265.0,21.49,11.39,53,1,1,10,,,,,
3,"에피소드수유838(민간임대,주상복합)",21B㎡,서울시 강북구 수유동 740,서울시 강북구 도봉로 315,265.0,265.0,21.31,11.1,52,1,1,5,,,,,
4,"에피소드수유838(민간임대,주상복합)",21C㎡,서울시 강북구 수유동 740,서울시 강북구 도봉로 315,265.0,265.0,21.62,11.1,51,1,1,3,,,,,
5,"에피소드수유838(민간임대,주상복합)",27㎡,서울시 강북구 수유동 740,서울시 강북구 도봉로 315,265.0,265.0,27.87,15.02,54,1,1,6,,,,,
6,"에피소드수유838(민간임대,주상복합)",28㎡,서울시 강북구 수유동 740,서울시 강북구 도봉로 315,265.0,265.0,28.23,14.83,53,1,1,3,,,,,
7,"에피소드수유838(민간임대,주상복합)",30C㎡,서울시 강북구 수유동 740,서울시 강북구 도봉로 315,265.0,265.0,30.92,16.83,54,1,1,4,,,,,
8,"에피소드수유838(민간임대,주상복합)",31㎡,서울시 강북구 수유동 740,서울시 강북구 도봉로 315,265.0,265.0,31.74,17.05,54,1,1,4,,,,,
9,"에피소드수유838(민간임대,주상복합)",31A㎡,서울시 강북구 수유동 740,서울시 강북구 도봉로 315,265.0,265.0,31.29,16.14,52,1,1,4,,,,,
10,"에피소드수유838(민간임대,주상복합)",32B㎡,서울시 강북구 수유동 740,서울시 강북구 도봉로 315,265.0,265.0,32.39,16.78,52,1,1,2,,,,,
11,"에피소드수유838(민간임대,주상복합)",33B㎡,서울시 강북구 수유동 740,서울시 강북구 도봉로 315,265.0,265.0,33.51,18.54,55,1,1,5,,,,,
12,"에피소드수유838(민간임대,주상복합)",33D㎡,서울시 강북구 수유동 740,서울시 강북구 도봉로 315,265.0,265.0,33.7,18.55,55,1,1,5,,,,,
13,"에피소드수유838(민간임대,주상복합)",33E㎡,서울시 강북구 수유동 740,서울시 강북구 도봉로 315,265.0,265.0,33.37,18.33,55,1,1,5,,,,,
14,"에피소드수유838(민간임대,주상복합)",33A㎡,서울시 강북구 수유동 740,서울시 강북구 도봉로 315,265.0,265.0,33.72,18.18,54,1,1,3,,,,,
15,"에피소드수유838(민간임대,주상복합)",34C㎡,서울시 강북구 수유동 740,서울시 강북구 도봉로 315,265.0,265.0,34.44,18.54,54,1,1,5,,,,,
16,"에피소드수유838(민간임대,주상복합)",35B㎡,서울시 강북구 수유동 740,서울시 강북구 도봉로 315,265.0,265.0,35.77,19.75,55,1,1,5,,,,,
17,"에피소드수유838(민간임대,주상복합)",35A㎡,서울시 강북구 수유동 740,서울시 강북구 도봉로 315,265.0,265.0,35.62,19.32,54,1,1,2,,,,,
18,"에피소드수유838(민간임대,주상복합)",37B1㎡,서울시 강북구 수유동 740,서울시 강북구 도봉로 315,265.0,265.0,37.85,20.82,55,1,1,20,,,,,
19,"에피소드수유838(민간임대,주상복합)",38㎡,서울시 강북구 수유동 740,서울시 강북구 도봉로 315,265.0,265.0,38.83,21.02,54,1,1,24,,,,,
20,"에피소드수유838(민간임대,주상복합)",38A1㎡,서울시 강북구 수유동 740,서울시 강북구 도봉로 315,265.0,265.0,38.57,20.8,54,1,1,6,,,,,
21,"에피소드수유838(민간임대,주상복합)",40B2㎡,서울시 강북구 수유동 740,서울시 강북구 도봉로 315,265.0,265.0,40.96,22.48,55,1,1,21,,,,,
22,"에피소드수유838(민간임대,주상복합)",41A㎡,서울시 강북구 수유동 740,서울시 강북구 도봉로 315,265.0,265.0,41.69,22.28,53,1,1,3,,,,,
23,"에피소드수유838(민간임대,주상복합)",41A2㎡,서울시 강북구 수유동 740,서울시 강북구 도봉로 315,265.0,265.0,41.87,23.04,55,1,1,3,,,,,
24,"에피소드수유838(민간임대,주상복합)",43B㎡,서울시 강북구 수유동 740,서울시 강북구 도봉로 315,265.0,265.0,43.95,23.91,54,1,1,7,,,,,
25,"에피소드수유838(민간임대,주상복합)",47A㎡,서울시 강북구 수유동 740,서울시 강북구 도봉로 315,265.0,265.0,47.87,25.61,53,1,1,1,,,,,
26,"에피소드수유838(민간임대,주상복합)",48A1㎡,서울시 강북구 수유동 740,서울시 강북구 도봉로 315,265.0,265.0,48.83,24.94,51,1,1,1,,,,,
27,"에피소드수유838(민간임대,주상복합)",49A2㎡,서울시 강북구 수유동 740,서울시 강북구 도봉로 315,265.0,265.0,49.36,26.2,53,1,1,1,,,,,
28,"에피소드수유838(민간임대,주상복합)",50B㎡,서울시 강북구 수유동 740,서울시 강북구 도봉로 315,265.0,265.0,50.3,25.81,51,1,1,1,,,,,
29,"에피소드수유838(민간임대,주상복합)",52B㎡,서울시 강북구 수유동 740,서울시 강북구 도봉로 315,265.0,265.0,52.46,28.36,54,1,1,3,,,,,
30,"에피소드수유838(민간임대,주상복합)",52A㎡,서울시 강북구 수유동 740,서울시 강북구 도봉로 315,265.0,265.0,52.58,28.03,53,1,1,1,,,,,
31,"에피소드수유838(민간임대,주상복합)",53C㎡,서울시 강북구 수유동 740,서울시 강북구 도봉로 315,265.0,265.0,53.71,29.17,54,1,1,6,,,,,
32,"에피소드수유838(민간임대,주상복합)",92㎡,서울시 강북구 수유동 740,서울시 강북구 도봉로 315,265.0,265.0,92.53,51.97,56,1,1,13,,,,"3,000/198~3,000/203","3,000/198~3,000/203"
33,"에피소드수유838(민간임대,주상복합)",92,서울시 강북구 수유동 740,서울시 강북구 도봉로 315,265.0,265.0,92.67,52.17,56,1,1,12,,,,,
0,엘리브(민간임대),33㎡,서울시 강북구 수유동 229-53,서울시 강북구 도봉로83길 10,18.0,18.0,33.02,33.02,100,1,1,4,,,,"3,000/120~3억/130","3,000/120~3억/130"
1,엘리브(민간임대),35A㎡,서울시 강북구 수유동 229-53,서울시 강북구 도봉로83길 10,18.0,18.0,35.79,35.79,100,1,1,7,,,,"2,000/135~3,000/130","2,000/135~3,000/130"
2,엘리브(민간임대),35B㎡,서울시 강북구 수유동 229-53,서울시 강북구 도봉로83길 10,18.0,18.0,35.89,35.89,100,1,1,3,,,,,
3,엘리브(민간임대),38,서울시 강북구 수유동 229-53,서울시 강북구 도봉로83길 10,18.0,18.0,38.37,38.37,100,1,1,4,,,,"3,000/120~3,000/140","3,000/120~3,000/140"
0,연승카운티(주상복합),41A㎡,서울시 강북구 수유동 50-30,서울시 강북구 수유로12길 41,12.0,0.0,41.76,34.11,82,1,1,4,,,,,
1,연승카운티(주상복합),43B㎡,서울시 강북구 수유동 50-30,서울시 강북구 수유로12길 41,12.0,0.0,43.28,35.35,82,1,1,4,,,,,
2,연승카운티(주상복합),52,서울시 강북구 수유동 50-30,서울시 강북구 수유로12길 41,12.0,0.0,52.7,43.04,82,1,1,4,,"2억 9,000",,,
0,영남(주상복합),96A㎡,서울시 강북구 수유동 192-61,서울시 강북구 한천로139길 42,19.0,0.0,96.32,84.9,88,3,2,14,,"4억 9,000~6억 5,000",,,
1,영남(주상복합),96B㎡,서울시 강북구 수유동 192-61,서울시 강북구 한천로139길 42,19.0,0.0,96.35,84.93,88,3,2,4,,,"3억 3,000",,
2,영남(주상복합),192,서울시 강북구 수유동 192-61,서울시 강북구 한천로139길 42,19.0,0.0,192.67,183.33,95,4,2,1,,,,,
0,예도팔라티움(도시형),18A㎡,서울시 강북구 수유동 223-7,서울시 강북구 노해로 34,120.0,0.0,18.95,12.99,69,1,1,48,,,,"6,000/42","6,000/42"
1,예도팔라티움(도시형),19B,서울시 강북구 수유동 223-7,서울시 강북구 노해로 34,120.0,0.0,19.7,13.47,68,1,1,72,,"1억 7,900~1억 8,500","1억 5,500",,
0,우암센스뷰(주상복합),107A㎡,서울시 강북구 수유동 229-50,서울시 강북구 노해로8길 16,34.0,0.0,107.16,84.83,79,3,2,18,,"5억 5,000~6억 2,000",,,
1,우암센스뷰(주상복합),107B,서울시 강북구 수유동 229-50,서울시 강북구 노해로8길 16,34.0,0.0,107.16,84.83,79,3,2,16,,,,,
0,유경와이케이빌(도시형),18㎡,서울시 강북구 수유동 90-3,서울시 강북구 도봉로73길 41,43.0,0.0,18.77,14.07,75,1,1,10,,,,,
1,유경와이케이빌(도시형),22㎡,서울시 강북구 수유동 90-3,서울시 강북구 도봉로73길 41,43.0,0.0,22.49,16.86,75,1,1,11,,,,,
2,유경와이케이빌(도시형),24㎡,서울시 강북구 수유동 90-3,서울시 강북구 도봉로73길 41,43.0,0.0,24.92,18.68,75,1,1,11,,,,,
3,유경와이케이빌(도시형),26A㎡,서울시 강북구 수유동 90-3,서울시 강북구 도봉로73길 41,43.0,0.0,26.63,19.96,75,1,1,3,,,,,
4,유경와이케이빌(도시형),27B㎡,서울시 강북구 수유동 90-3,서울시 강북구 도봉로73길 41,43.0,0.0,27.92,20.93,75,1,1,1,,,,,
5,유경와이케이빌(도시형),30,서울시 강북구 수유동 90-3,서울시 강북구 도봉로73길 41,43.0,0.0,30.03,22.51,75,1,1,7,,,,,
0,은석,82,서울시 강북구 수유동 697-1,서울시 강북구 삼양로138길 24,12.0,0.0,82.87,70.87,86,3,2,12,,"4억 1,000",,,
0,정원,41A㎡,서울시 강북구 수유동 282-20,서울시 강북구 4.19로1길 33,18.0,0.0,41.39,36.33,88,1,1,1,,,,,
1,정원,42B㎡,서울시 강북구 수유동 282-20,서울시 강북구 4.19로1길 33,18.0,0.0,42.33,37.16,88,1,1,1,,,,,
2,정원,53㎡,서울시 강북구 수유동 282-20,서울시 강북구 4.19로1길 33,18.0,0.0,53.42,46.89,88,2,1,1,,,,,
3,정원,56㎡,서울시 강북구 수유동 282-20,서울시 강북구 4.19로1길 33,18.0,0.0,56.77,49.83,88,2,1,4,,,,,
4,정원,60㎡,서울시 강북구 수유동 282-20,서울시 강북구 4.19로1길 33,18.0,0.0,60.14,52.79,88,2,1,1,,,,,
5,정원,61㎡,서울시 강북구 수유동 282-20,서울시 강북구 4.19로1길 33,18.0,0.0,61.24,53.75,88,2,1,3,,,,,
6,정원,65㎡,서울시 강북구 수유동 282-20,서울시 강북구 4.19로1길 33,18.0,0.0,65.22,57.24,88,3,1,3,,,,,
7,정원,67,서울시 강북구 수유동 282-20,서울시 강북구 4.19로1길 33,18.0,0.0,67.76,59.48,88,3,1,4,,,,,
0,지산타워,62㎡,서울시 강북구 수유동 45-88,서울시 강북구 노해로3길 29,16.0,0.0,62.26,50.55,81,2,1,1,,,,,
1,지산타워,69,서울시 강북구 수유동 45-88,서울시 강북구 노해로3길 29,16.0,0.0,69.04,56.05,81,2,1,15,,"2억 7,000",,,
0,진명,40㎡,서울시 강북구 수유동 180-31,서울시 강북구 한천로148길 26,12.0,0.0,40.1,33.17,83,1,1,1,,,,,
1,진명,62㎡,서울시 강북구 수유동 180-31,서울시 강북구 한천로148길 26,12.0,0.0,62.68,51.85,83,2,1,2,,,,,
2,진명,79㎡,서울시 강북구 수유동 180-31,서울시 강북구 한천로148길 26,12.0,0.0,79.93,66.12,83,3,1,1,,"3억 500~3억 4,000",,,
3,진명,89㎡,서울시 강북구 수유동 180-31,서울시 강북구 한천로148길 26,12.0,0.0,89.74,74.23,83,3,2,2,,,,,
4,진명,106,서울시 강북구 수유동 180-31,서울시 강북구 한천로148길 26,12.0,0.0,106.12,87.78,83,3,2,6,,,,,
0,진안골드밸리,144㎡,서울시 강북구 수유동 562-4,서울시 강북구 4.19로11길 16,19.0,0.0,144.98,134.18,93,4,2,5,,,,,
1,진안골드밸리,147㎡,서울시 강북구 수유동 562-4,서울시 강북구 4.19로11길 16,19.0,0.0,147.77,136.75,93,4,2,2,,,,,
2,진안골드밸리,155㎡,서울시 강북구 수유동 562-4,서울시 강북구 4.19로11길 16,19.0,0.0,155.41,143.82,93,5,2,8,,,,,
3,진안골드밸리,157,서울시 강북구 수유동 562-4,서울시 강북구 4.19로11길 16,19.0,0.0,157.04,145.33,93,5,2,4,,,,,
0,참하우스토리(도시형),17㎡,서울시 강북구 수유동 410-80,서울시 강북구 인수봉로61길 18,15.0,0.0,17.82,13.96,78,1,1,1,,,,,
1,참하우스토리(도시형),21㎡,서울시 강북구 수유동 410-80,서울시 강북구 인수봉로61길 18,15.0,0.0,21.72,17.01,78,1,1,1,,,,,
2,참하우스토리(도시형),27㎡,서울시 강북구 수유동 410-80,서울시 강북구 인수봉로61길 18,15.0,0.0,27.2,21.32,78,1,1,1,,,,,
3,참하우스토리(도시형),34A㎡,서울시 강북구 수유동 410-80,서울시 강북구 인수봉로61길 18,15.0,0.0,34.11,26.73,78,1,1,3,,,,,
4,참하우스토리(도시형),34B㎡,서울시 강북구 수유동 410-80,서울시 강북구 인수봉로61길 18,15.0,0.0,34.12,26.73,78,1,1,1,,,,,
5,참하우스토리(도시형),35A㎡,서울시 강북구 수유동 410-80,서울시 강북구 인수봉로61길 18,15.0,0.0,35.02,27.44,78,1,1,3,,,,,
6,참하우스토리(도시형),36B㎡,서울시 강북구 수유동 410-80,서울시 강북구 인수봉로61길 18,15.0,0.0,36.05,28.25,78,1,1,2,,,,,
7,참하우스토리(도시형),38A㎡,서울시 강북구 수유동 410-80,서울시 강북구 인수봉로61길 18,15.0,0.0,38.18,29.92,78,1,1,2,,,,,
8,참하우스토리(도시형),41B,서울시 강북구 수유동 410-80,서울시 강북구 인수봉로61길 18,15.0,0.0,41.24,32.31,78,1,1,1,,,,,
0,청기와,88A㎡,서울시 강북구 수유동 723-7,서울시 강북구 노해로35길 1,8.0,0.0,88.12,74.05,84,3,2,4,,,,,
1,청기와,89B,서울시 강북구 수유동 723-7,서울시 강북구 노해로35길 1,8.0,0.0,89.81,75.47,84,3,2,4,,,,,
0,청솔,36㎡,서울시 강북구 수유동 269-25,서울시 강북구 노해로23길 105,15.0,0.0,36.5,31.68,87,2,1,1,,,,,
1,청솔,62A㎡,서울시 강북구 수유동 269-25,서울시 강북구 노해로23길 105,15.0,0.0,62.88,54.57,87,2,1,1,,,,,
2,청솔,63B㎡,서울시 강북구 수유동 269-25,서울시 강북구 노해로23길 105,15.0,0.0,63.6,55.04,87,2,1,1,,,,,
3,청솔,72㎡,서울시 강북구 수유동 269-25,서울시 강북구 노해로23길 105,15.0,0.0,72.6,62.98,87,2,1,1,,,,,
4,청솔,77㎡,서울시 강북구 수유동 269-25,서울시 강북구 노해로23길 105,15.0,0.0,77.57,67.32,87,3,2,5,,,,,
5,청솔,79,서울시 강북구 수유동 269-25,서울시 강북구 노해로23길 105,15.0,0.0,79.07,68.65,87,3,2,6,,,,,
0,청솔쉐르빌,41㎡,서울시 강북구 수유동 178-1,서울시 강북구 한천로148길 12,19.0,0.0,41.78,36.6,88,2,1,1,,,,,
1,청솔쉐르빌,47㎡,서울시 강북구 수유동 178-1,서울시 강북구 한천로148길 12,19.0,0.0,47.71,41.79,88,2,1,1,,,,,
2,청솔쉐르빌,50㎡,서울시 강북구 수유동 178-1,서울시 강북구 한천로148길 12,19.0,0.0,50.43,44.19,88,2,1,1,,,,,
3,청솔쉐르빌,55A㎡,서울시 강북구 수유동 178-1,서울시 강북구 한천로148길 12,19.0,0.0,55.28,48.42,88,2,1,1,,,,,
4,청솔쉐르빌,56B㎡,서울시 강북구 수유동 178-1,서울시 강북구 한천로148길 12,19.0,0.0,56.17,49.17,88,2,1,1,,,,,
5,청솔쉐르빌,57A㎡,서울시 강북구 수유동 178-1,서울시 강북구 한천로148길 12,19.0,0.0,57.74,51.18,89,3,1,2,,,,,
6,청솔쉐르빌,58B㎡,서울시 강북구 수유동 178-1,서울시 강북구 한천로148길 12,19.0,0.0,58.71,51.42,88,3,1,2,,,,,
7,청솔쉐르빌,59A㎡,서울시 강북구 수유동 178-1,서울시 강북구 한천로148길 12,19.0,0.0,59.94,52.47,88,3,1,2,,,,,
8,청솔쉐르빌,62A㎡,서울시 강북구 수유동 178-1,서울시 강북구 한천로148길 12,19.0,0.0,62.91,55.76,89,3,2,1,,,,,
9,청솔쉐르빌,62B㎡,서울시 강북구 수유동 178-1,서울시 강북구 한천로148길 12,19.0,0.0,62.37,55.28,89,3,2,1,,,,,
10,청솔쉐르빌,64B,서울시 강북구 수유동 178-1,서울시 강북구 한천로148길 12,19.0,0.0,64.14,56.85,89,3,2,6,,,,,
0,칸타빌수유팰리스,33A㎡,서울시 강북구 수유동 741,서울시 강북구 한천로148길 12-13,216.0,0.0,33.52,23.33,70,1,1,1,,,,,
1,칸타빌수유팰리스,33B㎡,서울시 강북구 수유동 741,서울시 강북구 한천로148길 12-13,216.0,0.0,33.52,23.33,70,1,1,1,,,,,
2,칸타빌수유팰리스,36C㎡,서울시 강북구 수유동 741,서울시 강북구 한천로148길 12-13,216.0,0.0,36.27,18.5,51,1,1,2,,,,,
3,칸타빌수유팰리스,36A㎡,서울시 강북구 수유동 741,서울시 강북구 한천로148길 12-13,216.0,0.0,36.55,18.65,51,1,1,1,,,,,
4,칸타빌수유팰리스,37㎡,서울시 강북구 수유동 741,서울시 강북구 한천로148길 12-13,216.0,0.0,37.82,26.68,71,2,1,9,,"3억 3,000","2억 4,000","2,000/100","2,000/100"
5,칸타빌수유팰리스,37B㎡,서울시 강북구 수유동 741,서울시 강북구 한천로148길 12-13,216.0,0.0,37.36,18.9,51,1,1,1,,,,,
6,칸타빌수유팰리스,38A1㎡,서울시 강북구 수유동 741,서울시 강북구 한천로148길 12-13,216.0,0.0,38.75,19.98,52,1,1,44,,"2억 5,000","1억 8,000",,
7,칸타빌수유팰리스,38B1㎡,서울시 강북구 수유동 741,서울시 강북구 한천로148길 12-13,216.0,0.0,38.31,19.72,51,1,1,6,,,,,
8,칸타빌수유팰리스,39C㎡,서울시 강북구 수유동 741,서울시 강북구 한천로148길 12-13,216.0,0.0,39.99,20.66,52,1,1,2,,,,,
9,칸타빌수유팰리스,40A2㎡,서울시 강북구 수유동 741,서울시 강북구 한천로148길 12-13,216.0,0.0,40.53,20.77,51,1,1,9,,,,,
10,칸타빌수유팰리스,40B2㎡,서울시 강북구 수유동 741,서울시 강북구 한천로148길 12-13,216.0,0.0,40.84,20.93,51,1,1,6,,,,,
11,칸타빌수유팰리스,46A㎡,서울시 강북구 수유동 741,서울시 강북구 한천로148길 12-13,216.0,0.0,46.12,23.84,52,1,1,4,,,,,
12,칸타빌수유팰리스,46B㎡,서울시 강북구 수유동 741,서울시 강북구 한천로148길 12-13,216.0,0.0,46.86,24.33,52,1,1,4,,,,,
13,칸타빌수유팰리스,50㎡,서울시 강북구 수유동 741,서울시 강북구 한천로148길 12-13,216.0,0.0,50.37,25.97,52,2,1,2,,,,,
14,칸타빌수유팰리스,77A㎡,서울시 강북구 수유동 741,서울시 강북구 한천로148길 12-13,216.0,0.0,77.32,56.7,73,2,2,1,,,"4억~5억 5,000",,
15,칸타빌수유팰리스,77B㎡,서울시 강북구 수유동 741,서울시 강북구 한천로148길 12-13,216.0,0.0,77.32,56.7,73,2,1,1,,,,,
16,칸타빌수유팰리스,80㎡,서울시 강북구 수유동 741,서울시 강북구 한천로148길 12-13,216.0,0.0,80.31,58.96,73,2,2,1,,,,,
17,칸타빌수유팰리스,81B㎡,서울시 강북구 수유동 741,서울시 강북구 한천로148길 12-13,216.0,0.0,81.42,59.98,74,3,2,24,,"6억 6,600~6억 8,867","4억 2,000~5억 8,000",3억/70~3억/80,3억/70~3억/80
18,칸타빌수유팰리스,81A㎡,서울시 강북구 수유동 741,서울시 강북구 한천로148길 12-13,216.0,0.0,81.36,59.99,74,3,2,20,,7억 473,"4억 2,000~5억 5,000",2억/90~3억/70,2억/90~3억/70
19,칸타빌수유팰리스,91㎡,서울시 강북구 수유동 741,서울시 강북구 한천로148길 12-13,216.0,0.0,91.76,66.1,72,2,2,1,,,,,
20,칸타빌수유팰리스,103㎡,서울시 강북구 수유동 741,서울시 강북구 한천로148길 12-13,216.0,0.0,103.43,76.14,74,3,2,2,,,,,
21,칸타빌수유팰리스,106,서울시 강북구 수유동 741,서울시 강북구 한천로148길 12-13,216.0,0.0,106.02,78.17,74,3,2,74,,"8억 5,535~8억 8,100","4억 9,000~6억 5,000",4억/70,4억/70
0,태솔에버빌,72㎡,서울시 강북구 수유동 52-30,서울시 강북구 삼양로80길 55,18.0,0.0,72.16,60.7,84,3,1,1,,,2억,,
1,태솔에버빌,77A㎡,서울시 강북구 수유동 52-30,서울시 강북구 삼양로80길 55,18.0,0.0,77.74,65.39,84,3,1,1,,,,,
2,태솔에버빌,80B㎡,서울시 강북구 수유동 52-30,서울시 강북구 삼양로80길 55,18.0,0.0,80.9,68.05,84,3,1,1,,,,,
3,태솔에버빌,96㎡,서울시 강북구 수유동 52-30,서울시 강북구 삼양로80길 55,18.0,0.0,96.32,81.03,84,3,2,4,,,,,
4,태솔에버빌,100㎡,서울시 강북구 수유동 52-30,서울시 강북구 삼양로80길 55,18.0,0.0,100.88,84.86,84,3,2,5,,,,,
5,태솔에버빌,100B㎡,서울시 강북구 수유동 52-30,서울시 강북구 삼양로80길 55,18.0,0.0,100.65,84.67,84,3,2,5,,,,,
6,태솔에버빌,100A,서울시 강북구 수유동 52-30,서울시 강북구 삼양로80길 55,18.0,0.0,100.33,84.41,84,3,2,1,,,,,
0,태솔캡슬(도시형),53A㎡,서울시 강북구 수유동 50-20,서울시 강북구 도봉로71가길 35,28.0,0.0,53.12,45,85,1,1,7,,,,,
1,태솔캡슬(도시형),53B㎡,서울시 강북구 수유동 50-20,서울시 강북구 도봉로71가길 35,28.0,0.0,53.92,45.68,85,1,1,7,,,,,
2,태솔캡슬(도시형),53C㎡,서울시 강북구 수유동 50-20,서울시 강북구 도봉로71가길 35,28.0,0.0,53.99,45.74,85,1,1,7,,"3억 1,000",,,
3,태솔캡슬(도시형),58,서울시 강북구 수유동 50-20,서울시 강북구 도봉로71가길 35,28.0,0.0,58.29,49.37,85,1,1,7,,,,,
0,태솔타워(주상복합),85㎡,서울시 강북구 수유동 51-7,서울시 강북구 도봉로71가길 30,14.0,0.0,85.68,68.6,80,3,2,7,,,,,
1,태솔타워(주상복합),98,서울시 강북구 수유동 51-7,서울시 강북구 도봉로71가길 30,14.0,0.0,98.1,78.55,80,3,2,7,,,,,
0,태인로민빌(도시형),53㎡,서울시 강북구 수유동 130-79,서울시 강북구 수유로17길 41,10.0,0.0,53.34,45.94,86,2,1,1,,,,,
1,태인로민빌(도시형),61㎡,서울시 강북구 수유동 130-79,서울시 강북구 수유로17길 41,10.0,0.0,61.15,52.66,86,2,1,5,,,,,
2,태인로민빌(도시형),64㎡,서울시 강북구 수유동 130-79,서울시 강북구 수유로17길 41,10.0,0.0,64.9,55.9,86,3,1,1,,,,,
3,태인로민빌(도시형),68,서울시 강북구 수유동 130-79,서울시 강북구 수유로17길 41,10.0,0.0,68.09,58.65,86,3,1,3,,,,,
0,파크,72A㎡,서울시 강북구 수유동 282-11,서울시 강북구 삼양로131길 11-5,20.0,0.0,72.06,65.82,91,3,1,10,,,,,
1,파크,72B,서울시 강북구 수유동 282-11,서울시 강북구 삼양로131길 11-5,20.0,0.0,72.23,65.99,91,3,1,10,,,,,
0,퍼스트뷰(주상복합),57㎡,서울시 강북구 수유동 274-3,서울시 강북구 삼양로130길 9-21,40.0,0.0,57.8,46.61,81,3,1,7,,"3억 5,000",,,
1,퍼스트뷰(주상복합),59A㎡,서울시 강북구 수유동 274-3,서울시 강북구 삼양로130길 9-21,40.0,0.0,59.12,47.67,81,3,1,7,,,,,
2,퍼스트뷰(주상복합),60B㎡,서울시 강북구 수유동 274-3,서울시 강북구 삼양로130길 9-21,40.0,0.0,60.13,48.48,81,3,1,1,,,,,
3,퍼스트뷰(주상복합),65A㎡,서울시 강북구 수유동 274-3,서울시 강북구 삼양로130길 9-21,40.0,0.0,65.58,52.88,81,3,2,7,,"3억 7,000",,,
4,퍼스트뷰(주상복합),65B㎡,서울시 강북구 수유동 274-3,서울시 강북구 삼양로130길 9-21,40.0,0.0,65.72,53,81,3,2,7,,,3억,,
5,퍼스트뷰(주상복합),69㎡,서울시 강북구 수유동 274-3,서울시 강북구 삼양로130길 9-21,40.0,0.0,69.1,55.71,81,3,2,1,,,,,
6,퍼스트뷰(주상복합),73A㎡,서울시 강북구 수유동 274-3,서울시 강북구 삼양로130길 9-21,40.0,0.0,73.37,59.16,81,3,2,8,,,,,
7,퍼스트뷰(주상복합),73B㎡,서울시 강북구 수유동 274-3,서울시 강북구 삼양로130길 9-21,40.0,0.0,73.45,59.22,81,3,2,1,,,,,
8,퍼스트뷰(주상복합),79,서울시 강북구 수유동 274-3,서울시 강북구 삼양로130길 9-21,40.0,0.0,79.54,64.13,81,3,2,1,,,,,
0,평강하우스(주상복합),54㎡,서울시 강북구 수유동 50-14,서울시 강북구 도봉로77길 31,8.0,0.0,54.55,43.81,80,2,1,4,,,,,
1,평강하우스(주상복합),66,서울시 강북구 수유동 50-14,서울시 강북구 도봉로77길 31,8.0,0.0,66.61,53.48,80,3,1,4,,,,,
0,포엠빌,66㎡,서울시 강북구 수유동 190-18,서울시 강북구 한천로139가길 26,19.0,0.0,66.12,58.61,89,2,1,2,,,,,
1,포엠빌,83㎡,서울시 강북구 수유동 190-18,서울시 강북구 한천로139가길 26,19.0,0.0,83.04,73.61,89,3,2,2,,,,,
2,포엠빌,95㎡,서울시 강북구 수유동 190-18,서울시 강북구 한천로139가길 26,19.0,0.0,95.85,84.96,89,3,2,2,,"6억 8,000",,,
3,포엠빌,112A㎡,서울시 강북구 수유동 190-18,서울시 강북구 한천로139가길 26,19.0,0.0,112.12,99.39,89,3,2,1,,,,,
4,포엠빌,113B,서울시 강북구 수유동 190-18,서울시 강북구 한천로139가길 26,19.0,0.0,113.25,100.38,89,3,2,12,,,,,
0,프리마베(도시형),16㎡,서울시 강북구 수유동 46-6,서울시 강북구 노해로3길 37,16.0,0.0,16.82,13.37,79,1,1,8,,,,,
1,프리마베(도시형),21,서울시 강북구 수유동 46-6,서울시 강북구 노해로3길 37,16.0,0.0,21.19,16.85,80,1,1,8,,,,,
0,하나아이파크빌(도시형),34㎡,서울시 강북구 수유동 508-37,서울시 강북구 인수봉로55길 21-14,28.0,0.0,34.01,27.92,82,1,1,1,,,,,
1,하나아이파크빌(도시형),35A㎡,서울시 강북구 수유동 508-37,서울시 강북구 인수봉로55길 21-14,28.0,0.0,35.99,29.54,82,1,1,1,,,,,
2,하나아이파크빌(도시형),36B㎡,서울시 강북구 수유동 508-37,서울시 강북구 인수봉로55길 21-14,28.0,0.0,36.35,29.84,82,1,1,7,,,,,
3,하나아이파크빌(도시형),36C㎡,서울시 강북구 수유동 508-37,서울시 강북구 인수봉로55길 21-14,28.0,0.0,36.39,29.87,82,1,1,7,,,,,
4,하나아이파크빌(도시형),36D㎡,서울시 강북구 수유동 508-37,서울시 강북구 인수봉로55길 21-14,28.0,0.0,36.43,29.9,82,2,1,4,,,,,
5,하나아이파크빌(도시형),60㎡,서울시 강북구 수유동 508-37,서울시 강북구 인수봉로55길 21-14,28.0,0.0,60.72,49.84,82,3,2,4,,,,,
6,하나아이파크빌(도시형),64,서울시 강북구 수유동 508-37,서울시 강북구 인수봉로55길 21-14,28.0,0.0,64.57,53,82,3,2,4,,,,,
0,한원힐트리움수유(도시형),37㎡,서울시 강북구 수유동 738,서울시 강북구 노해로 104,66.0,0.0,37.66,21.65,57,1,1,4,,,,,
1,한원힐트리움수유(도시형),45A㎡,서울시 강북구 수유동 738,서울시 강북구 노해로 104,66.0,0.0,45.65,26.52,58,1,1,6,,,,,
2,한원힐트리움수유(도시형),47B,서울시 강북구 수유동 738,서울시 강북구 노해로 104,66.0,0.0,47.14,27.39,58,1,1,56,,"2억 8,000~3억","2억 1,000~2억 5,000","2,000/100","2,000/100"
0,해피타운(도시형),33A㎡,서울시 강북구 수유동 448-5,서울시 강북구 삼양로87길 21-18,9.0,0.0,33.79,28.21,83,1,1,1,,,,,
1,해피타운(도시형),34B㎡,서울시 강북구 수유동 448-5,서울시 강북구 삼양로87길 21-18,9.0,0.0,34.74,29.01,84,1,1,2,,,,,
2,해피타운(도시형),34C㎡,서울시 강북구 수유동 448-5,서울시 강북구 삼양로87길 21-18,9.0,0.0,34.99,29.22,84,1,1,1,,,,,
3,해피타운(도시형),35D㎡,서울시 강북구 수유동 448-5,서울시 강북구 삼양로87길 21-18,9.0,0.0,35.29,29.47,84,1,1,2,,,,,
4,해피타운(도시형),35E㎡,서울시 강북구 수유동 448-5,서울시 강북구 삼양로87길 21-18,9.0,0.0,35.8,29.9,84,1,1,2,,,,,
5,해피타운(도시형),86,서울시 강북구 수유동 448-5,서울시 강북구 삼양로87길 21-18,9.0,0.0,86.26,72.04,84,3,2,1,,,,,
0,현대맨션,57㎡,서울시 강북구 수유동 52-27,서울시 강북구 삼양로80길 63,19.0,0.0,57.73,47.84,83,2,1,1,,,,,
1,현대맨션,60㎡,서울시 강북구 수유동 52-27,서울시 강북구 삼양로80길 63,19.0,0.0,60.52,50.15,83,2,1,1,,,,,
2,현대맨션,66A㎡,서울시 강북구 수유동 52-27,서울시 강북구 삼양로80길 63,19.0,0.0,66.25,54.9,83,2,1,1,,,,,
3,현대맨션,66B㎡,서울시 강북구 수유동 52-27,서울시 강북구 삼양로80길 63,19.0,0.0,66.89,55.43,83,2,1,1,,,,,
4,현대맨션,71A㎡,서울시 강북구 수유동 52-27,서울시 강북구 삼양로80길 63,19.0,0.0,71.85,59.54,83,3,1,3,,,,,
5,현대맨션,73B㎡,서울시 강북구 수유동 52-27,서울시 강북구 삼양로80길 63,19.0,0.0,73.86,61.2,83,3,1,3,,,,,
6,현대맨션,76㎡,서울시 강북구 수유동 52-27,서울시 강북구 삼양로80길 63,19.0,0.0,76.28,63.21,83,3,1,6,,,,,
7,현대맨션,100㎡,서울시 강북구 수유동 52-27,서울시 강북구 삼양로80길 63,19.0,0.0,100.07,82.92,83,3,1,1,,,,,
8,현대맨션,102㎡,서울시 강북구 수유동 52-27,서울시 강북구 삼양로80길 63,19.0,0.0,102,84.52,83,3,1,1,,,,,
9,현대맨션,125,서울시 강북구 수유동 52-27,서울시 강북구 삼양로80길 63,19.0,0.0,125.71,104.08,83,3,1,1,,"5억 5,000",,,
0,형인휴아름,76㎡,서울시 강북구 수유동 732,서울시 강북구 수유로23길 48,38.0,0.0,76.23,48.17,63,3,2,1,,"4억 5,000",,,
1,형인휴아름,81㎡,서울시 강북구 수유동 732,서울시 강북구 수유로23길 48,38.0,0.0,81.73,51.65,63,3,2,1,,,,,
2,형인휴아름,92㎡,서울시 강북구 수유동 732,서울시 강북구 수유로23길 48,38.0,0.0,92.55,58.49,63,3,2,1,,,,,
3,형인휴아름,99㎡,서울시 강북구 수유동 732,서울시 강북구 수유로23길 48,38.0,0.0,99.69,62.99,63,3,2,7,,,,,
4,형인휴아름,110㎡,서울시 강북구 수유동 732,서울시 강북구 수유로23길 48,38.0,0.0,110.27,69.68,63,3,2,1,,,,,
5,형인휴아름,116㎡,서울시 강북구 수유동 732,서울시 강북구 수유로23길 48,38.0,0.0,116,73.3,63,3,2,7,,,,,
6,형인휴아름,117㎡,서울시 강북구 수유동 732,서울시 강북구 수유로23길 48,38.0,0.0,117.51,74.25,63,3,2,2,,,,,
7,형인휴아름,129㎡,서울시 강북구 수유동 732,서울시 강북구 수유로23길 48,38.0,0.0,129.04,81.54,63,3,2,1,,,,,
8,형인휴아름,131B㎡,서울시 강북구 수유동 732,서울시 강북구 수유로23길 48,38.0,0.0,131.42,83.04,63,3,2,10,,,,,
9,형인휴아름,132A,서울시 강북구 수유동 732,서울시 강북구 수유로23길 48,38.0,0.0,132.65,83.82,63,3,2,7,,,,,
0,화계맨숀,50㎡,서울시 강북구 수유동 461-13,서울시 강북구 덕릉로 12,30.0,0.0,50.91,50.91,100,2,1,5,,,,,
1,화계맨숀,53㎡,서울시 강북구 수유동 461-13,서울시 강북구 덕릉로 12,30.0,0.0,53.98,53.98,100,2,1,5,,,,,
2,화계맨숀,58,서울시 강북구 수유동 461-13,서울시 강북구 덕릉로 12,30.0,0.0,58.51,58.51,100,3,1,20,,"2억~2억 3,000","1억 8,000",,
0,훼밀리,56㎡,서울시 강북구 수유동 519-10,서울시 강북구 인수봉로61길 38-8,18.0,0.0,56.21,45.71,81,3,2,1,,,,,
1,훼밀리,77㎡,서울시 강북구 수유동 519-10,서울시 강북구 인수봉로61길 38-8,18.0,0.0,77.35,62.91,81,3,2,1,,,,,
2,훼밀리,79㎡,서울시 강북구 수유동 519-10,서울시 강북구 인수봉로61길 38-8,18.0,0.0,79.25,64.46,81,3,2,1,,,,,
3,훼밀리,93㎡,서울시 강북구 수유동 519-10,서울시 강북구 인수봉로61길 38-8,18.0,0.0,93.38,75.95,81,3,2,1,,,,,
4,훼밀리,99㎡,서울시 강북구 수유동 519-10,서울시 강북구 인수봉로61길 38-8,18.0,0.0,99.09,80.59,81,3,2,1,,,,,
5,훼밀리,103B㎡,서울시 강북구 수유동 519-10,서울시 강북구 인수봉로61길 38-8,18.0,0.0,103.36,84.08,81,3,2,7,,,,,
6,훼밀리,103A㎡,서울시 강북구 수유동 519-10,서울시 강북구 인수봉로61길 38-8,18.0,0.0,103.06,83.83,81,3,2,3,,,,,
7,훼밀리,106,서울시 강북구 수유동 519-10,서울시 강북구 인수봉로61길 38-8,18.0,0.0,106.22,86.39,81,3,2,3,,,,,
0,다인플레움,55㎡,서울시 강북구 우이동 117-3,서울시 강북구 삼양로163길 31,19.0,0.0,55.77,49.8,89,2,1,1,,,,,
1,다인플레움,70A㎡,서울시 강북구 우이동 117-3,서울시 강북구 삼양로163길 31,19.0,0.0,70.02,62.54,89,3,2,1,,,,,
2,다인플레움,70B㎡,서울시 강북구 우이동 117-3,서울시 강북구 삼양로163길 31,19.0,0.0,70.95,63.36,89,3,2,1,,"2억 4,000",,,
3,다인플레움,74A㎡,서울시 강북구 우이동 117-3,서울시 강북구 삼양로163길 31,19.0,0.0,74.73,66.73,89,3,2,2,,,,,
4,다인플레움,75D㎡,서울시 강북구 우이동 117-3,서울시 강북구 삼양로163길 31,19.0,0.0,75.64,67.54,89,3,2,2,,,,,
5,다인플레움,75B㎡,서울시 강북구 우이동 117-3,서울시 강북구 삼양로163길 31,19.0,0.0,75.05,67.02,89,3,2,1,,,,,
6,다인플레움,75C㎡,서울시 강북구 우이동 117-3,서울시 강북구 삼양로163길 31,19.0,0.0,75.21,67.16,89,3,2,1,,,,,
7,다인플레움,81㎡,서울시 강북구 우이동 117-3,서울시 강북구 삼양로163길 31,19.0,0.0,81.64,72.9,89,3,2,2,,,,,
8,다인플레움,86A㎡,서울시 강북구 우이동 117-3,서울시 강북구 삼양로163길 31,19.0,0.0,86.68,77.4,89,3,2,1,,,,,
9,다인플레움,86B㎡,서울시 강북구 우이동 117-3,서울시 강북구 삼양로163길 31,19.0,0.0,86.7,77.42,89,3,2,1,,,,,
10,다인플레움,87D㎡,서울시 강북구 우이동 117-3,서울시 강북구 삼양로163길 31,19.0,0.0,87.54,78.17,89,3,2,5,,,,,
11,다인플레움,87C,서울시 강북구 우이동 117-3,서울시 강북구 삼양로163길 31,19.0,0.0,87.08,77.76,89,3,2,1,,,,,
0,대우,80㎡,서울시 강북구 우이동 342,서울시 강북구 삼양로149길 45,260.0,0.0,80.31,59.94,75,3,1,45,,"6억 5,000",,,
1,대우,108㎡,서울시 강북구 우이동 342,서울시 강북구 삼양로149길 45,260.0,0.0,108.01,84.93,79,3,2,151,,"7억 5,000~8억","4억 5,000~4억 8,000","2억 5,000/60~2억 5,000/100","2억 5,000/60~2억 5,000/100"
2,대우,111,서울시 강북구 우이동 342,서울시 강북구 삼양로149길 45,260.0,0.0,111.36,84.93,76,3,2,64,,7억~8억,,,
0,두온리치밸리,148㎡,서울시 강북구 우이동 5-5,서울시 강북구 삼양로 670,19.0,0.0,148.53,133.47,90,4,3,9,,,,,
1,두온리치밸리,159㎡,서울시 강북구 우이동 5-5,서울시 강북구 삼양로 670,19.0,0.0,159.55,143.38,90,4,2,5,,"8억 5,000",,,
2,두온리치밸리,166,서울시 강북구 우이동 5-5,서울시 강북구 삼양로 670,19.0,0.0,166.41,149.54,90,4,3,5,,"7억 5,000~9억 5,000",,,
0,북한산굿모닝,89㎡,서울시 강북구 우이동 175,서울시 강북구 삼양로171길 21,60.0,0.0,89.54,71.36,80,3,2,20,,,,,
1,북한산굿모닝,97,서울시 강북구 우이동 175,서울시 강북구 삼양로171길 21,60.0,0.0,97.98,77.71,79,3,2,40,,"4억 2,000",,,
0,북한산노블리스빌,209㎡,서울시 강북구 우이동 84-8,서울시 강북구 삼양로139가길 80,19.0,0.0,209.03,195.86,94,5,3,1,,,,,
1,북한산노블리스빌,211㎡,서울시 강북구 우이동 84-8,서울시 강북구 삼양로139가길 80,19.0,0.0,211.22,197.91,94,5,3,3,,11억,,,
2,북한산노블리스빌,213㎡,서울시 강북구 우이동 84-8,서울시 강북구 삼양로139가길 80,19.0,0.0,213.4,199.96,94,5,3,5,,,,,
3,북한산노블리스빌,247,서울시 강북구 우이동 84-8,서울시 강북구 삼양로139가길 80,19.0,0.0,247.16,231.6,94,5,3,10,,15억~17억,,,
0,성원,86㎡,서울시 강북구 우이동 1,서울시 강북구 삼양로 658,262.0,0.0,86.11,71.78,83,3,1,30,,"5억~5억 5,000","3억~3억 3,000","2억 2,000/20","2억 2,000/20"
1,성원,99,서울시 강북구 우이동 1,서울시 강북구 삼양로 658,262.0,0.0,99.79,84.98,85,3,2,232,,"4억 5,000~6억 8,000","3억 5,000~4억 5,000","1억 5,000/60~2억/70","1억 5,000/60~2억/70"
0,성원그린,95A㎡,서울시 강북구 우이동 340,서울시 강북구 삼양로139가길 63,89.0,0.0,95.12,84.77,89,3,2,83,,"5억 4,000~5억 5,000",,,
1,성원그린,95B,서울시 강북구 우이동 340,서울시 강북구 삼양로139가길 63,89.0,0.0,95.15,84.79,89,3,2,6,,,,,
0,우이맨숀,111㎡,서울시 강북구 우이동 181-2,서울시 강북구 삼양로173길 66,54.0,0.0,111.22,83.42,75,3,2,36,,,,,
1,우이맨숀,126㎡,서울시 강북구 우이동 181-2,서울시 강북구 삼양로173길 66,54.0,0.0,126.94,95.53,75,3,2,6,,,,,
2,우이맨숀,149,서울시 강북구 우이동 181-2,서울시 강북구 삼양로173길 66,54.0,0.0,149.98,112.81,75,3,2,12,,,,,
