아파트명,면적,법정동주소,도로명주소,세대수,임대세대수,가격,매매호가,전세호가,월세호가,실거래가
갈매6단지,102A㎡,경기도 구리시 갈매동 631,경기도 구리시 갈매중앙로 25,1033.0,481.0,71500.0,"6억 3,000~8억","3억 6,000~4억 8,000","5,000/150~1억/135","5,000/150~1억/135"
갈매6단지,115A,경기도 구리시 갈매동 631,경기도 구리시 갈매중앙로 25,1033.0,481.0,75000.0,"6억 3,000~9억","3억 8,000~5억","2억/80~3억 3,000/30","2억/80~3억 3,000/30"
갈매더샵나인힐스,93A㎡,경기도 구리시 갈매동 665,경기도 구리시 갈매순환로 10,857.0,0.0,75000.0,"6억 5,000~7억 8,000","3억 4,000~4억 3,000","2억 1,000/50","2억 1,000/50"
갈매더샵나인힐스,93B㎡,경기도 구리시 갈매동 665,경기도 구리시 갈매순환로 10,857.0,0.0,71500.0,"7억 4,000",,,
갈매더샵나인힐스,110㎡,경기도 구리시 갈매동 665,경기도 구리시 갈매순환로 10,857.0,0.0,,"6억 7,000","4억 3,000",,
갈매더샵나인힐스,112A㎡,경기도 구리시 갈매동 665,경기도 구리시 갈매순환로 10,857.0,0.0,,"6억 6,000~8억 3,000","3억 9,000~5억",1억/130~2억/100,1억/130~2억/100
갈매더샵나인힐스,112D㎡,경기도 구리시 갈매동 665,경기도 구리시 갈매순환로 10,857.0,0.0,,"7억~8억 2,000","4억~4억 5,000",,
갈매더샵나인힐스,112B㎡,경기도 구리시 갈매동 665,경기도 구리시 갈매순환로 10,857.0,0.0,,"6억 7,000~8억 3,000",,1억/150,1억/150
갈매더샵나인힐스,112C,경기도 구리시 갈매동 665,경기도 구리시 갈매순환로 10,857.0,0.0,,,"3억 7,000",,
갈매스타힐스,98B㎡,경기도 구리시 갈매동 651,경기도 구리시 산마루로 46,1018.0,0.0,,"7억 5,000~8억","3억 8,000",2억/90~2억/100,2억/90~2억/100
갈매스타힐스,98C㎡,경기도 구리시 갈매동 651,경기도 구리시 산마루로 46,1018.0,0.0,,"6억 8,000~8억","4억 2,000",,
갈매스타힐스,99A-1㎡,경기도 구리시 갈매동 651,경기도 구리시 산마루로 46,1018.0,0.0,71500,"6억~8억 1,000","3억 3,000~4억",2억/100,2억/100
갈매스타힐스,99A-2㎡,경기도 구리시 갈매동 651,경기도 구리시 산마루로 46,1018.0,0.0,,"7억~7억 7,500","4억 3,000~4억 8,000",,
갈매스타힐스,112A㎡,경기도 구리시 갈매동 651,경기도 구리시 산마루로 46,1018.0,0.0,75000,"6억 8,000~9억","3억 5,000~4억 7,000","5,000/170~1억 5,000/90","5,000/170~1억 5,000/90"
갈매스타힐스,112B㎡,경기도 구리시 갈매동 651,경기도 구리시 산마루로 46,1018.0,0.0,,,"3억 4,000~4억",,
갈매스타힐스,112C,경기도 구리시 갈매동 651,경기도 구리시 산마루로 46,1018.0,0.0,,,,"7,000/150","7,000/150"
갈매역아이파크,114A㎡,경기도 구리시 갈매동 596,경기도 구리시 경춘북로 252,1196.0,0.0,,"7억 3,000~9억 7,000",4억~6억,"5,000/180~3억/90","5,000/180~3억/90"
갈매역아이파크,114B㎡,경기도 구리시 갈매동 596,경기도 구리시 경춘북로 252,1196.0,0.0,,"7억 5,000~10억 5,000",,,
갈매역아이파크,114C㎡,경기도 구리시 갈매동 596,경기도 구리시 경춘북로 252,1196.0,0.0,71500,"8억 7,000~12억",,1억/170~2억/150,1억/170~2억/150
갈매역아이파크,114D㎡,경기도 구리시 갈매동 596,경기도 구리시 경춘북로 252,1196.0,0.0,,7억~9억,"4억 7,000~5억 5,000",1억/160~2억/150,1억/160~2억/150
갈매역아이파크,114E㎡,경기도 구리시 갈매동 596,경기도 구리시 경춘북로 252,1196.0,0.0,75000,"9억 9,000~10억 1,000",,"4억 2,000/30","4억 2,000/30"
갈매역아이파크,116T㎡,경기도 구리시 갈매동 596,경기도 구리시 경춘북로 252,1196.0,0.0,,14억,,,
갈매역아이파크,148P,경기도 구리시 갈매동 596,경기도 구리시 경춘북로 252,1196.0,0.0,,,,,
갈매와이시티,101A㎡,경기도 구리시 갈매동 626,경기도 구리시 갈매중앙로 45,382.0,0.0,71500.0,"6억 4,000~8억","4억~4억 5,000",,
갈매와이시티,114A㎡,경기도 구리시 갈매동 626,경기도 구리시 갈매중앙로 45,382.0,0.0,75000.0,"7억 5,000~8억 5,000","4억 5,000~5억","5,000/200~3억/70","5,000/200~3억/70"
갈매와이시티,114B,경기도 구리시 갈매동 626,경기도 구리시 갈매중앙로 45,382.0,0.0,,"6억 5,000~8억 5,000","4억 5,000",,
구리갈매푸르지오,111A㎡,경기도 구리시 갈매동 640,경기도 구리시 갈매중앙로 16,921.0,0.0,71500.0,"7억 2,000~9억 5,000","4억 4,000~5억 5,000",1억/160~3억/50,1억/160~3억/50
구리갈매푸르지오,112B㎡,경기도 구리시 갈매동 640,경기도 구리시 갈매중앙로 16,921.0,0.0,,"7억 6,000~9억",5억,"1억 5,000/130","1억 5,000/130"
구리갈매푸르지오,112D㎡,경기도 구리시 갈매동 640,경기도 구리시 갈매중앙로 16,921.0,0.0,75000,"7억 3,000~8억 4,000","4억 4,000~4억 8,000","1억 8,000/95~2억/100","1억 8,000/95~2억/100"
구리갈매푸르지오,112C㎡,경기도 구리시 갈매동 640,경기도 구리시 갈매중앙로 16,921.0,0.0,,"7억 5,000",,,
구리갈매푸르지오,130A㎡,경기도 구리시 갈매동 640,경기도 구리시 갈매중앙로 16,921.0,0.0,,"7억 8,000~12억","5억 2,000~6억 7,000",1억/180~5억/50,1억/180~5억/50
구리갈매푸르지오,130B㎡,경기도 구리시 갈매동 640,경기도 구리시 갈매중앙로 16,921.0,0.0,,"8억 5,000~9억 5,000",6억,,
구리갈매푸르지오,148㎡,경기도 구리시 갈매동 640,경기도 구리시 갈매중앙로 16,921.0,0.0,,"9억~12억 5,000","5억~7억 5,000",4억/130,4억/130
구리갈매푸르지오,186,경기도 구리시 갈매동 640,경기도 구리시 갈매중앙로 16,921.0,0.0,,,,,
이룸넘버원리치안(도시형),25B㎡,경기도 구리시 갈매동 646,경기도 구리시 갈매중앙로 70,206.0,0.0,75000.0,"1억~1억 2,000",,300/53~500/47,300/53~500/47
이룸넘버원리치안(도시형),49A,경기도 구리시 갈매동 646,경기도 구리시 갈매중앙로 70,206.0,0.0,71500.0,"1억 8,000~2억",,500/65,500/65
한라비발디,100A㎡,경기도 구리시 갈매동 590,경기도 구리시 갈매중앙로 131,1075.0,0.0,75000.0,"6억 2,000~8억 2,000","3억 4,000~3억 8,000",,
한라비발디,100B㎡,경기도 구리시 갈매동 590,경기도 구리시 갈매중앙로 131,1075.0,0.0,71500.0,"6억 2,000~7억 8,000","4억 5,000",,
한라비발디,113B㎡,경기도 구리시 갈매동 590,경기도 구리시 갈매중앙로 131,1075.0,0.0,,"6억 2,000~9억","3억 8,000~4억 7,000","7,000/150~2억/100","7,000/150~2억/100"
한라비발디,113D㎡,경기도 구리시 갈매동 590,경기도 구리시 갈매중앙로 131,1075.0,0.0,,"7억 3,000~9억","5억~5억 5,000",,
한라비발디,113A㎡,경기도 구리시 갈매동 590,경기도 구리시 갈매중앙로 131,1075.0,0.0,,"6억 9,500~8억 7,000","4억~4억 8,000",3억/45,3억/45
한라비발디,113E,경기도 구리시 갈매동 590,경기도 구리시 갈매중앙로 131,1075.0,0.0,,,,,
교문금호어울림,108B㎡,경기도 구리시 교문동 828,경기도 구리시 아차산로487번길 10,276.0,0.0,70500.0,"7억 5,000~7억 8,000","4억 2,000~5억 5,000",2억/120,2억/120
교문금호어울림,109A㎡,경기도 구리시 교문동 828,경기도 구리시 아차산로487번길 10,276.0,0.0,70500.0,"6억 2,000~7억 8,000","3억 7,000~5억 2,000",,
교문금호어울림,109C㎡,경기도 구리시 교문동 828,경기도 구리시 아차산로487번길 10,276.0,0.0,70500.0,7억,,,
교문금호어울림,131㎡,경기도 구리시 교문동 828,경기도 구리시 아차산로487번길 10,276.0,0.0,75000.0,,"6억 7,000",,
교문금호어울림,157,경기도 구리시 교문동 828,경기도 구리시 아차산로487번길 10,276.0,0.0,85000.0,"11억 5,000","7억~7억 5,000",,
"교문대우,동양고속",78A㎡,경기도 구리시 교문동 809-3,경기도 구리시 장자대로37번길 20,680.0,0.0,70500.0,"7억 1,000~7억 3,000","3억 1,000",2억/50,2억/50
"교문대우,동양고속",78B㎡,경기도 구리시 교문동 809-3,경기도 구리시 장자대로37번길 20,680.0,0.0,85000.0,"5억 7,000~7억 1,000","2억 9,000~3억 5,000","1억 2,000/100~2억 4,000/30","1억 2,000/100~2억 4,000/30"
"교문대우,동양고속",105㎡,경기도 구리시 교문동 809-3,경기도 구리시 장자대로37번길 20,680.0,0.0,70500.0,"7억 5,000~10억 5,000","4억 8,000",,
"교문대우,동양고속",120㎡,경기도 구리시 교문동 809-3,경기도 구리시 장자대로37번길 20,680.0,0.0,70500.0,,,,
"교문대우,동양고속",158,경기도 구리시 교문동 809-3,경기도 구리시 장자대로37번길 20,680.0,0.0,75000.0,10억~13억,"6억 5,000~7억 5,000",,
구리두산,79,경기도 구리시 교문동 766,경기도 구리시 체육관로113번길 45,434.0,0.0,70500.0,"6억 3,000~7억 5,000","2억~3억 4,000","3,000/100~1억 5,000/40","3,000/100~1억 5,000/40"
"구리우성,한양",80㎡,경기도 구리시 교문동 809-2,경기도 구리시 체육관로 45,682.0,0.0,,"7억~7억 3,000","3억 1,000~3억 2,000",,
"구리우성,한양",80B㎡,경기도 구리시 교문동 809-2,경기도 구리시 체육관로 45,682.0,0.0,70500,"7억~7억 4,000","3억 1,000~3억 5,000","5,000/100~2억/50","5,000/100~2억/50"
"구리우성,한양",99㎡,경기도 구리시 교문동 809-2,경기도 구리시 체육관로 45,682.0,0.0,85000,"7억 8,000",,,
"구리우성,한양",106㎡,경기도 구리시 교문동 809-2,경기도 구리시 체육관로 45,682.0,0.0,70500,"8억~10억 5,000","3억 5,000~5억 5,000",1억/100~1억/130,1억/100~1억/130
"구리우성,한양",112㎡,경기도 구리시 교문동 809-2,경기도 구리시 체육관로 45,682.0,0.0,,,,,
"구리우성,한양",125A㎡,경기도 구리시 교문동 809-2,경기도 구리시 체육관로 45,682.0,0.0,,,,,
"구리우성,한양",126B㎡,경기도 구리시 교문동 809-2,경기도 구리시 체육관로 45,682.0,0.0,70500,11억,"4억 8,000~6억",4억/50~4억/80,4억/50~4억/80
"구리우성,한양",146㎡,경기도 구리시 교문동 809-2,경기도 구리시 체육관로 45,682.0,0.0,,,,,
"구리우성,한양",161A㎡,경기도 구리시 교문동 809-2,경기도 구리시 체육관로 45,682.0,0.0,,14억,"6억 5,000",,
"구리우성,한양",162B,경기도 구리시 교문동 809-2,경기도 구리시 체육관로 45,682.0,0.0,75000,,,,
구리일성,81㎡,경기도 구리시 교문동 767,경기도 구리시 체육관로 110,330.0,0.0,70500.0,"5억 5,000~6억 3,000","2억 7,000~3억 6,500",,
구리일성,108㎡,경기도 구리시 교문동 767,경기도 구리시 체육관로 110,330.0,0.0,70500.0,"6억 9,000~8억","3억 6,000~4억","2억/80~3억 2,000/30","2억/80~3억 2,000/30"
구리일성,162,경기도 구리시 교문동 767,경기도 구리시 체육관로 110,330.0,0.0,70500.0,"9억~9억 5,000",5억,,
금호(금호베스트빌I),80C㎡,경기도 구리시 교문동 820,경기도 구리시 장자대로 38,704.0,0.0,70500.0,"7억~7억 5,000","3억 5,000~4억 9,000",,
금호(금호베스트빌I),81A㎡,경기도 구리시 교문동 820,경기도 구리시 장자대로 38,704.0,0.0,70500.0,"7억~9억 3,000","3억 3,000~5억","5,000/120~3억 2,000/20","5,000/120~3억 2,000/20"
금호(금호베스트빌I),81B㎡,경기도 구리시 교문동 820,경기도 구리시 장자대로 38,704.0,0.0,70500.0,"7억 2,000~8억 2,000","3억 5,000~4억 6,000",1억/110,1억/110
금호(금호베스트빌I),81D,경기도 구리시 교문동 820,경기도 구리시 장자대로 38,704.0,0.0,75000.0,"8억~8억 6,000","3억 3,000",1억/120~3억/30,1억/120~3억/30
네이처빌(도시형),27㎡,경기도 구리시 교문동 426-9,경기도 구리시 아차산로405번길 21-26,10.0,0.0,70500.0,,,,
네이처빌(도시형),46㎡,경기도 구리시 교문동 426-9,경기도 구리시 아차산로405번길 21-26,10.0,0.0,70500.0,,,,
네이처빌(도시형),48A㎡,경기도 구리시 교문동 426-9,경기도 구리시 아차산로405번길 21-26,10.0,0.0,70500.0,,,,
네이처빌(도시형),51B㎡,경기도 구리시 교문동 426-9,경기도 구리시 아차산로405번길 21-26,10.0,0.0,75000.0,,,,
네이처빌(도시형),67㎡,경기도 구리시 교문동 426-9,경기도 구리시 아차산로405번길 21-26,10.0,0.0,85000.0,,,,
네이처빌(도시형),96,경기도 구리시 교문동 426-9,경기도 구리시 아차산로405번길 21-26,10.0,0.0,,,,,
대명빌리지,109,경기도 구리시 교문동 765,경기도 구리시 이문안로 25,150.0,0.0,70500.0,9억~10억,3억,1억/120~2억/60,1억/120~2억/60
덕현,80㎡,경기도 구리시 교문동 808,경기도 구리시 장자대로37번길 55,1077.0,0.0,70500.0,"6억 5,000~7억 5,000","2억 5,000~3억 5,000",2억/30~2억/70,2억/30~2억/70
덕현,103㎡,경기도 구리시 교문동 808,경기도 구리시 장자대로37번길 55,1077.0,0.0,70500.0,"8억~9억 4,000","4억~4억 2,000",1억/110,1억/110
덕현,122㎡,경기도 구리시 교문동 808,경기도 구리시 장자대로37번길 55,1077.0,0.0,70500.0,"10억 7,500",5억,"5,000/155~3억/70","5,000/155~3억/70"
덕현,158,경기도 구리시 교문동 808,경기도 구리시 장자대로37번길 55,1077.0,0.0,75000.0,10억~13억,5억~6억,3억/120,3억/120
동방,80㎡,경기도 구리시 교문동 1-8,경기도 구리시 체육관로 124,307.0,0.0,70500.0,"5억 6,000~6억 1,000",3억,1억/80,1억/80
동방,107B㎡,경기도 구리시 교문동 1-8,경기도 구리시 체육관로 124,307.0,0.0,70500.0,7억,"4억~4억 5,000",,
동방,107A,경기도 구리시 교문동 1-8,경기도 구리시 체육관로 124,307.0,0.0,70500.0,"7억 3,000~7억 5,000",,,
동양,152A㎡,경기도 구리시 교문동 825,경기도 구리시 장자대로 66,212.0,0.0,70500.0,"14억 9,000~15억 5,000","6억 5,000~7억 5,000","4억 5,000/100","4억 5,000/100"
동양,152B,경기도 구리시 교문동 825,경기도 구리시 장자대로 66,212.0,0.0,70500.0,,,,
비제이빌,33㎡,경기도 구리시 교문동 220-16,경기도 구리시 체육관로153번길 50,86.0,0.0,,,,,
비제이빌,39A㎡,경기도 구리시 교문동 220-16,경기도 구리시 체육관로153번길 50,86.0,0.0,,,,,
비제이빌,40B㎡,경기도 구리시 교문동 220-16,경기도 구리시 체육관로153번길 50,86.0,0.0,,,,,
비제이빌,49A㎡,경기도 구리시 교문동 220-16,경기도 구리시 체육관로153번길 50,86.0,0.0,,"3억 6,000",,,
비제이빌,50B㎡,경기도 구리시 교문동 220-16,경기도 구리시 체육관로153번길 50,86.0,0.0,,,,,
비제이빌,51㎡,경기도 구리시 교문동 220-16,경기도 구리시 체육관로153번길 50,86.0,0.0,,,,,
비제이빌,57㎡,경기도 구리시 교문동 220-16,경기도 구리시 체육관로153번길 50,86.0,0.0,,"3억 1,000",,,
비제이빌,60㎡,경기도 구리시 교문동 220-16,경기도 구리시 체육관로153번길 50,86.0,0.0,,,,,
비제이빌,61A㎡,경기도 구리시 교문동 220-16,경기도 구리시 체육관로153번길 50,86.0,0.0,,,,,
비제이빌,62B㎡,경기도 구리시 교문동 220-16,경기도 구리시 체육관로153번길 50,86.0,0.0,,,,,
비제이빌,62C㎡,경기도 구리시 교문동 220-16,경기도 구리시 체육관로153번길 50,86.0,0.0,,,,,
비제이빌,70㎡,경기도 구리시 교문동 220-16,경기도 구리시 체육관로153번길 50,86.0,0.0,,,,,
비제이빌,72B㎡,경기도 구리시 교문동 220-16,경기도 구리시 체육관로153번길 50,86.0,0.0,,,,,
비제이빌,73A㎡,경기도 구리시 교문동 220-16,경기도 구리시 체육관로153번길 50,86.0,0.0,,4억,,,
비제이빌,74㎡,경기도 구리시 교문동 220-16,경기도 구리시 체육관로153번길 50,86.0,0.0,,,,,
비제이빌,83㎡,경기도 구리시 교문동 220-16,경기도 구리시 체육관로153번길 50,86.0,0.0,,,,,
비제이빌,85,경기도 구리시 교문동 220-16,경기도 구리시 체육관로153번길 50,86.0,0.0,75000,,,,
삼산,56㎡,경기도 구리시 교문동 233-35,경기도 구리시 경춘로175번길 24,14.0,0.0,70500.0,,,,
삼산,60㎡,경기도 구리시 교문동 233-35,경기도 구리시 경춘로175번길 24,14.0,0.0,70500.0,,,,
삼산,67,경기도 구리시 교문동 233-35,경기도 구리시 경춘로175번길 24,14.0,0.0,70500.0,,,,
삼용,94㎡,경기도 구리시 교문동 768,경기도 구리시 체육관로 94,67.0,0.0,70500.0,,,,
삼용,117,경기도 구리시 교문동 768,경기도 구리시 체육관로 94,67.0,0.0,70500.0,,,,
신명,117,경기도 구리시 교문동 826,경기도 구리시 장자호수길 71,434.0,0.0,70500.0,"11억 5,000~13억 5,000","4억 5,000~6억 5,000","2억/140~4억 7,000/60","2억/140~4억 7,000/60"
신원,95,경기도 구리시 교문동 219-29,경기도 구리시 경춘로162번길 31,16.0,0.0,70500.0,,,,
아차산어울림,116㎡,경기도 구리시 교문동 829,경기도 구리시 아차산로487번길 27,299.0,0.0,70500.0,"7억 8,000~9억","4억 5,000~7억","8,000/200~3억/120","8,000/200~3억/120"
아차산어울림,210,경기도 구리시 교문동 829,경기도 구리시 아차산로487번길 27,299.0,0.0,70500.0,,,,
원일,71㎡,경기도 구리시 교문동 232,경기도 구리시 동구릉로6번길 48,116.0,0.0,70500.0,"4억 5,000",,,
원일,74㎡,경기도 구리시 교문동 232,경기도 구리시 동구릉로6번길 48,116.0,0.0,,"4억~4억 8,000",,,
원일,80㎡,경기도 구리시 교문동 232,경기도 구리시 동구릉로6번길 48,116.0,0.0,75000,,,,
원일,85㎡,경기도 구리시 교문동 232,경기도 구리시 동구릉로6번길 48,116.0,0.0,70500,,,,
원일,94,경기도 구리시 교문동 232,경기도 구리시 동구릉로6번길 48,116.0,0.0,70500,"4억 9,700~5억 5,000","2억 8,000~3억",,
프레즈하우스1차,26㎡,경기도 구리시 교문동 298-6,경기도 구리시 딸기원로104번길 28,6.0,0.0,70500.0,,,,
프레즈하우스1차,43㎡,경기도 구리시 교문동 298-6,경기도 구리시 딸기원로104번길 28,6.0,0.0,70500.0,,,,
프레즈하우스1차,52㎡,경기도 구리시 교문동 298-6,경기도 구리시 딸기원로104번길 28,6.0,0.0,70500.0,,,,
프레즈하우스1차,58㎡,경기도 구리시 교문동 298-6,경기도 구리시 딸기원로104번길 28,6.0,0.0,75000.0,,,,
프레즈하우스1차,61㎡,경기도 구리시 교문동 298-6,경기도 구리시 딸기원로104번길 28,6.0,0.0,85000.0,,,,
프레즈하우스1차,63,경기도 구리시 교문동 298-6,경기도 구리시 딸기원로104번길 28,6.0,0.0,,,,,
하나,89㎡,경기도 구리시 교문동 809-1,경기도 구리시 체육관로 69,686.0,0.0,70500.0,"6억 7,000~9억","3억 8,000~4억 1,000",1억/120,1억/120
하나,105㎡,경기도 구리시 교문동 809-1,경기도 구리시 체육관로 69,686.0,0.0,70500.0,"8억~16억 5,000","3억 7,000~4억 3,000",1억/120~1억/150,1억/120~1억/150
하나,124㎡,경기도 구리시 교문동 809-1,경기도 구리시 체육관로 69,686.0,0.0,75000.0,11억,7억,,
하나,143,경기도 구리시 교문동 809-1,경기도 구리시 체육관로 69,686.0,0.0,70500.0,11억,,,
"한가람LG,대림",80㎡,경기도 구리시 교문동 809,경기도 구리시 장자대로37번길 70,712.0,0.0,70500.0,"6억~7억 6,000","3억~4억 5,000","4,000/120~2억/50","4,000/120~2억/50"
"한가람LG,대림",104㎡,경기도 구리시 교문동 809,경기도 구리시 장자대로37번길 70,712.0,0.0,70500.0,"8억 3,000~9억","3억 7,000",,
"한가람LG,대림",144,경기도 구리시 교문동 809,경기도 구리시 장자대로37번길 70,712.0,0.0,70500.0,12억~15억,6억,,
한성,84㎡,경기도 구리시 교문동 766-1,경기도 구리시 이문안로 51,490.0,0.0,70500.0,"7억 5,000~8억","2억~2억 7,000","3,000/120~2억 2,000/10","3,000/120~2억 2,000/10"
한성,98,경기도 구리시 교문동 766-1,경기도 구리시 이문안로 51,490.0,0.0,70500.0,"7억 5,000~8억 5,000","3억 3,000~4억","5,000/110~2억 5,000/40","5,000/110~2억 5,000/40"
한인,85㎡,경기도 구리시 교문동 197-16,경기도 구리시 아차산로500번길 26-4,19.0,0.0,70500.0,,,,
한인,164,경기도 구리시 교문동 197-16,경기도 구리시 아차산로500번길 26-4,19.0,0.0,70500.0,,,,
LG원앙,68㎡,경기도 구리시 수택동 854-2,경기도 구리시 체육관로 54,824.0,0.0,64000.0,"5억 9,000~6억 9,000","2억 3,000~3억 1,000","3,000/105~2억 2,000/30","3,000/105~2억 2,000/30"
LG원앙,75㎡,경기도 구리시 수택동 854-2,경기도 구리시 체육관로 54,824.0,0.0,65500.0,"5억 9,000~11억 5,000","2억 3,000~3억 2,000","5,000/100~1억/80","5,000/100~1억/80"
LG원앙,91㎡,경기도 구리시 수택동 854-2,경기도 구리시 체육관로 54,824.0,0.0,77500.0,"8억 5,000~9억 5,000","2억 8,000~4억 5,000",2억/45~2억/75,2억/45~2억/75
LG원앙,107,경기도 구리시 수택동 854-2,경기도 구리시 체육관로 54,824.0,0.0,85000.0,10억,,,
e편한세상수택센트럴파크,81A㎡,경기도 구리시 수택동 437,경기도 구리시 안골로64번길 10,733.0,0.0,64000.0,"6억 3,000~8억 8,000","3억 3,600~4억","5,000/140~2억/100","5,000/140~2억/100"
e편한세상수택센트럴파크,81B㎡,경기도 구리시 수택동 437,경기도 구리시 안골로64번길 10,733.0,0.0,65500.0,7억,"3억 5,000~4억 5,000",1억/130,1억/130
e편한세상수택센트럴파크,101㎡,경기도 구리시 수택동 437,경기도 구리시 안골로64번길 10,733.0,0.0,77500.0,"6억 9,500~11억 5,000","4억 5,000~5억 8,000",1억/150~3억/50,1억/150~3억/50
e편한세상수택센트럴파크,113B㎡,경기도 구리시 수택동 437,경기도 구리시 안골로64번길 10,733.0,0.0,85000.0,"9억~10억 2,000","5억 5,000~6억",2억/110,2억/110
e편한세상수택센트럴파크,113A,경기도 구리시 수택동 437,경기도 구리시 안골로64번길 10,733.0,0.0,,"8억 8,000~12억 5,000","5억 3,000~5억 8,000",2억/110,2억/110
갑우,77,경기도 구리시 수택동 626-19,경기도 구리시 원수택로32번길 59-22,11.0,0.0,64000.0,,,,
개나리,30A㎡,경기도 구리시 수택동 611-1,경기도 구리시 원수택로32번길 59-7,24.0,0.0,85000.0,"3억 5,000",,,
개나리,30B㎡,경기도 구리시 수택동 611-1,경기도 구리시 원수택로32번길 59-7,24.0,0.0,64000.0,,,,
개나리,65A㎡,경기도 구리시 수택동 611-1,경기도 구리시 원수택로32번길 59-7,24.0,0.0,,,,,
개나리,65C㎡,경기도 구리시 수택동 611-1,경기도 구리시 원수택로32번길 59-7,24.0,0.0,65500,,"1억 6,000~1억 9,000",,
개나리,67B㎡,경기도 구리시 수택동 611-1,경기도 구리시 원수택로32번길 59-7,24.0,0.0,,,,,
개나리,67D,경기도 구리시 수택동 611-1,경기도 구리시 원수택로32번길 59-7,24.0,0.0,77500,,,,
골든빌리지,67㎡,경기도 구리시 수택동 454-34,경기도 구리시 원수택로32번길 88,26.0,0.0,64000.0,,,,
골든빌리지,68A㎡,경기도 구리시 수택동 454-34,경기도 구리시 원수택로32번길 88,26.0,0.0,65500.0,,,,
골든빌리지,69B㎡,경기도 구리시 수택동 454-34,경기도 구리시 원수택로32번길 88,26.0,0.0,77500.0,,,,
골든빌리지,82,경기도 구리시 수택동 454-34,경기도 구리시 원수택로32번길 88,26.0,0.0,85000.0,,,,
광덕,70B㎡,경기도 구리시 수택동 626-6,경기도 구리시 원수택로32번길 59-36,47.0,0.0,65500.0,,,,
광덕,71A㎡,경기도 구리시 수택동 626-6,경기도 구리시 원수택로32번길 59-36,47.0,0.0,,,,,
광덕,71A㎡,경기도 구리시 수택동 626-6,경기도 구리시 원수택로32번길 59-36,47.0,0.0,,,,,
광덕,72B㎡,경기도 구리시 수택동 626-6,경기도 구리시 원수택로32번길 59-36,47.0,0.0,,,,,
광덕,72C㎡,경기도 구리시 수택동 626-6,경기도 구리시 원수택로32번길 59-36,47.0,0.0,64000,,,,
광덕,76B㎡,경기도 구리시 수택동 626-6,경기도 구리시 원수택로32번길 59-36,47.0,0.0,85000,,"2억 5,000",,
광덕,76A,경기도 구리시 수택동 626-6,경기도 구리시 원수택로32번길 59-36,47.0,0.0,77500,,,,
"광명(374-9,도시형)",43A㎡,경기도 구리시 수택동 374-9,경기도 구리시 체육관로172번길 28,16.0,0.0,64000.0,,,,
"광명(374-9,도시형)",43B,경기도 구리시 수택동 374-9,경기도 구리시 체육관로172번길 28,16.0,0.0,65500.0,,,,
광명(546),66㎡,경기도 구리시 수택동 546,경기도 구리시 수택천로35번길 20,19.0,0.0,64000.0,,,,
광명(546),71A㎡,경기도 구리시 수택동 546,경기도 구리시 수택천로35번길 20,19.0,0.0,65500.0,,,,
광명(546),72B㎡,경기도 구리시 수택동 546,경기도 구리시 수택천로35번길 20,19.0,0.0,77500.0,,,,
광명(546),142,경기도 구리시 수택동 546,경기도 구리시 수택천로35번길 20,19.0,0.0,85000.0,,,,
구리신성미소지움,109B㎡,경기도 구리시 수택동 448-6,경기도 구리시 이문안로 81,90.0,0.0,64000.0,,4억,"7,000/120","7,000/120"
구리신성미소지움,109A,경기도 구리시 수택동 448-6,경기도 구리시 이문안로 81,90.0,0.0,65500.0,"6억 7,000","4억 3,000",,
구리역한양수자인리버시티,83A㎡,경기도 구리시 수택동 889,경기도 구리시 경춘로276번길 21,410.0,48.0,64000.0,"7억 5,000~10억",4억~5억,,
구리역한양수자인리버시티,83C㎡,경기도 구리시 수택동 889,경기도 구리시 경춘로276번길 21,410.0,48.0,65500.0,"8억 5,000",,,
구리역한양수자인리버시티,84B㎡,경기도 구리시 수택동 889,경기도 구리시 경춘로276번길 21,410.0,48.0,77500.0,"7억 5,000~10억 1,000",,,
구리역한양수자인리버시티,88C㎡,경기도 구리시 수택동 889,경기도 구리시 경춘로276번길 21,410.0,48.0,,,,,
구리역한양수자인리버시티,113A㎡,경기도 구리시 수택동 889,경기도 구리시 경춘로276번길 21,410.0,48.0,85000,"10억 5,000","6억 5,000",,
구리역한양수자인리버시티,113B,경기도 구리시 수택동 889,경기도 구리시 경춘로276번길 21,410.0,48.0,,"10억 5,000",,,
구리태영데시앙,96D㎡,경기도 구리시 수택동 888,경기도 구리시 벌말로 185,272.0,0.0,85000.0,,"4억 5,000",3억/50,3억/50
구리태영데시앙,97E㎡,경기도 구리시 수택동 888,경기도 구리시 벌말로 185,272.0,0.0,,"7억 5,000","4억 5,000",4억/25,4억/25
구리태영데시앙,109C㎡,경기도 구리시 수택동 888,경기도 구리시 벌말로 185,272.0,0.0,77500,,"5억 2,000",,
구리태영데시앙,109B㎡,경기도 구리시 수택동 888,경기도 구리시 벌말로 185,272.0,0.0,65500,,"5억 2,000",,
구리태영데시앙,110A,경기도 구리시 수택동 888,경기도 구리시 벌말로 185,272.0,0.0,64000,"7억 1,000~13억 5,000","4억~4억 7,400","3억/80~4억 5,400/7","3억/80~4억 5,400/7"
구리트레져(도시형),56㎡,경기도 구리시 수택동 472-1,경기도 구리시 원수택로64번길 24-7,29.0,0.0,64000.0,,,,
구리트레져(도시형),60A㎡,경기도 구리시 수택동 472-1,경기도 구리시 원수택로64번길 24-7,29.0,0.0,65500.0,,,,
구리트레져(도시형),60B㎡,경기도 구리시 수택동 472-1,경기도 구리시 원수택로64번길 24-7,29.0,0.0,77500.0,,,,
구리트레져(도시형),63㎡,경기도 구리시 수택동 472-1,경기도 구리시 원수택로64번길 24-7,29.0,0.0,85000.0,,,,
구리트레져(도시형),67㎡,경기도 구리시 수택동 472-1,경기도 구리시 원수택로64번길 24-7,29.0,0.0,,,,,
구리트레져(도시형),70㎡,경기도 구리시 수택동 472-1,경기도 구리시 원수택로64번길 24-7,29.0,0.0,,,,,
구리트레져(도시형),75㎡,경기도 구리시 수택동 472-1,경기도 구리시 원수택로64번길 24-7,29.0,0.0,,,,,
구리트레져(도시형),92,경기도 구리시 수택동 472-1,경기도 구리시 원수택로64번길 24-7,29.0,0.0,,,,,
구리트윈팰리스(도시형),28A-8㎡,경기도 구리시 수택동 481,경기도 구리시 원수택로64번길 33,299.0,0.0,64000.0,,,"500/60~1,000/60","500/60~1,000/60"
구리트윈팰리스(도시형),39A-12㎡,경기도 구리시 수택동 481,경기도 구리시 원수택로64번길 33,299.0,0.0,65500.0,"1억 8,200~1억 9,000","1억 5,000",,
구리트윈팰리스(도시형),47A-14㎡,경기도 구리시 수택동 481,경기도 구리시 원수택로64번길 33,299.0,0.0,77500.0,,"1억 9,500",,
구리트윈팰리스(도시형),58A-17,경기도 구리시 수택동 481,경기도 구리시 원수택로64번길 33,299.0,0.0,85000.0,,,,
그린하우스(도시형),32㎡,경기도 구리시 수택동 487-4,경기도 구리시 검배로48번길 11-9,34.0,0.0,64000.0,,,,
그린하우스(도시형),51A㎡,경기도 구리시 수택동 487-4,경기도 구리시 검배로48번길 11-9,34.0,0.0,65500.0,,,,
그린하우스(도시형),53B㎡,경기도 구리시 수택동 487-4,경기도 구리시 검배로48번길 11-9,34.0,0.0,77500.0,,,,
그린하우스(도시형),55㎡,경기도 구리시 수택동 487-4,경기도 구리시 검배로48번길 11-9,34.0,0.0,85000.0,,,,
그린하우스(도시형),62B㎡,경기도 구리시 수택동 487-4,경기도 구리시 검배로48번길 11-9,34.0,0.0,,,,,
그린하우스(도시형),63A㎡,경기도 구리시 수택동 487-4,경기도 구리시 검배로48번길 11-9,34.0,0.0,,,,,
그린하우스(도시형),69,경기도 구리시 수택동 487-4,경기도 구리시 검배로48번길 11-9,34.0,0.0,,"2억 5,000",,,
금호(금호베스트빌II),139㎡,경기도 구리시 수택동 877,경기도 구리시 장자호수길 77,498.0,0.0,64000.0,"14억 5,000",7억,3억/170,3억/170
금호(금호베스트빌II),170㎡,경기도 구리시 수택동 877,경기도 구리시 장자호수길 77,498.0,0.0,65500.0,"16억 4,000~18억 5,000",8억~10억,4억/150~4억/250,4억/150~4억/250
금호(금호베스트빌II),205,경기도 구리시 수택동 877,경기도 구리시 장자호수길 77,498.0,0.0,77500.0,20억~25억,11억,,
나래아파트,75B㎡,경기도 구리시 수택동 610-1,경기도 구리시 원수택로32번길 59-6,18.0,0.0,65500.0,,,,
나래아파트,75A,경기도 구리시 수택동 610-1,경기도 구리시 원수택로32번길 59-6,18.0,0.0,64000.0,,,,
남양i-좋은집,79㎡,경기도 구리시 수택동 550,경기도 구리시 경춘로276번길 67-40,319.0,0.0,64000.0,"6억~6억 9,000",,"4,000/100","4,000/100"
남양i-좋은집,105㎡,경기도 구리시 수택동 550,경기도 구리시 경춘로276번길 67-40,319.0,0.0,65500.0,8억,,"5,000/120","5,000/120"
남양i-좋은집,111,경기도 구리시 수택동 550,경기도 구리시 경춘로276번길 67-40,319.0,0.0,77500.0,"7억 3,000~9억","3억~4억 5,000","5,000/140~3억/50","5,000/140~3억/50"
뉴벽산,69A㎡,경기도 구리시 수택동 618,경기도 구리시 이문안로99번길 22-9,18.0,0.0,64000.0,,,,
뉴벽산,69B,경기도 구리시 수택동 618,경기도 구리시 이문안로99번길 22-9,18.0,0.0,65500.0,,,,
"다성(611-3,주상복합)",30㎡,경기도 구리시 수택동 611-3,경기도 구리시 원수택로32번길 57,18.0,0.0,64000.0,"3억 7,000",,,
"다성(611-3,주상복합)",62㎡,경기도 구리시 수택동 611-3,경기도 구리시 원수택로32번길 57,18.0,0.0,65500.0,,,,
"다성(611-3,주상복합)",65,경기도 구리시 수택동 611-3,경기도 구리시 원수택로32번길 57,18.0,0.0,77500.0,,,,
"다성(626-30,주상복합)",37㎡,경기도 구리시 수택동 626-30,경기도 구리시 원수택로32번길 59-16,19.0,0.0,64000.0,,,,
"다성(626-30,주상복합)",38㎡,경기도 구리시 수택동 626-30,경기도 구리시 원수택로32번길 59-16,19.0,0.0,65500.0,,,,
"다성(626-30,주상복합)",70㎡,경기도 구리시 수택동 626-30,경기도 구리시 원수택로32번길 59-16,19.0,0.0,77500.0,,,,
"다성(626-30,주상복합)",71B㎡,경기도 구리시 수택동 626-30,경기도 구리시 원수택로32번길 59-16,19.0,0.0,,,,,
"다성(626-30,주상복합)",71A,경기도 구리시 수택동 626-30,경기도 구리시 원수택로32번길 59-16,19.0,0.0,85000,,,,
다우빌,83,경기도 구리시 수택동 417-15,경기도 구리시 안골로85번길 41,12.0,0.0,64000.0,,,,
대동,83A㎡,경기도 구리시 수택동 626-43,경기도 구리시 원수택로32번길 65,18.0,0.0,64000.0,,,,
대동,83B,경기도 구리시 수택동 626-43,경기도 구리시 원수택로32번길 65,18.0,0.0,65500.0,,,,
대림한숲,71㎡,경기도 구리시 수택동 854,경기도 구리시 체육관로 66,956.0,0.0,64000.0,"5억 5,000~6억 8,000","2억 3,000~3억","6,000/100~1억 8,000/30","6,000/100~1억 8,000/30"
대림한숲,86㎡,경기도 구리시 수택동 854,경기도 구리시 체육관로 66,956.0,0.0,65500.0,6억~8억,"3억~3억 2,000","8,000/100~2억/60","8,000/100~2억/60"
대림한숲,105,경기도 구리시 수택동 854,경기도 구리시 체육관로 66,956.0,0.0,77500.0,"8억 7,000~9억 4,000","4억~4억 7,000","3억/40~3억 5,000/60","3억/40~3억 5,000/60"
대성,89㎡,경기도 구리시 수택동 430-2,경기도 구리시 안골로64번길 7,19.0,0.0,65500.0,,"3억 5,000",,
대성,181,경기도 구리시 수택동 430-2,경기도 구리시 안골로64번길 7,19.0,0.0,64000.0,,,,
대우(454-8),88A㎡,경기도 구리시 수택동 454-8,경기도 구리시 검배로72번길 63,19.0,0.0,64000.0,,,"2,000/80","2,000/80"
대우(454-8),89B㎡,경기도 구리시 수택동 454-8,경기도 구리시 검배로72번길 63,19.0,0.0,65500.0,,,"2,000/80","2,000/80"
대우(454-8),177,경기도 구리시 수택동 454-8,경기도 구리시 검배로72번길 63,19.0,0.0,77500.0,,,,
대우(512-13),74㎡,경기도 구리시 수택동 512-13,경기도 구리시 검배로47번길 9,19.0,0.0,64000.0,,,,
대우(512-13),144,경기도 구리시 수택동 512-13,경기도 구리시 검배로47번길 9,19.0,0.0,65500.0,,,,
대원,74B㎡,경기도 구리시 수택동 611-5,경기도 구리시 원수택로32번길 58,19.0,0.0,65500.0,"5억 5,000",,,
대원,74A,경기도 구리시 수택동 611-5,경기도 구리시 원수택로32번길 58,19.0,0.0,64000.0,,,,
동명,82A㎡,경기도 구리시 수택동 518-14,경기도 구리시 수택천로15번길 36,38.0,0.0,77500.0,,,,
동명,83B㎡,경기도 구리시 수택동 518-14,경기도 구리시 수택천로15번길 36,38.0,0.0,64000.0,,"2억 2,000",1억/60,1억/60
동명,168A㎡,경기도 구리시 수택동 518-14,경기도 구리시 수택천로15번길 36,38.0,0.0,65500.0,,,,
동명,169B,경기도 구리시 수택동 518-14,경기도 구리시 수택천로15번길 36,38.0,0.0,85000.0,,,1억/60,1억/60
동문,85A㎡,경기도 구리시 수택동 626-40,경기도 구리시 원수택로32번길 59-18,15.0,0.0,64000.0,,,,
동문,85B,경기도 구리시 수택동 626-40,경기도 구리시 원수택로32번길 59-18,15.0,0.0,65500.0,,,,
동원,77㎡,경기도 구리시 수택동 345-9,경기도 구리시 왕숙천로247번길 20,48.0,0.0,65500.0,,,,
동원,90㎡,경기도 구리시 수택동 345-9,경기도 구리시 왕숙천로247번길 20,48.0,0.0,77500.0,,,,
동원,108㎡,경기도 구리시 수택동 345-9,경기도 구리시 왕숙천로247번길 20,48.0,0.0,64000.0,,,,
동원,116㎡,경기도 구리시 수택동 345-9,경기도 구리시 왕숙천로247번길 20,48.0,0.0,85000.0,,,,
동원,118㎡,경기도 구리시 수택동 345-9,경기도 구리시 왕숙천로247번길 20,48.0,0.0,,,,,
동원,122㎡,경기도 구리시 수택동 345-9,경기도 구리시 왕숙천로247번길 20,48.0,0.0,,,,,
동원,132㎡,경기도 구리시 수택동 345-9,경기도 구리시 왕숙천로247번길 20,48.0,0.0,,,,,
동원,188,경기도 구리시 수택동 345-9,경기도 구리시 왕숙천로247번길 20,48.0,0.0,,,,,
동진뱅크빌(주상복합),32㎡,경기도 구리시 수택동 847-1,경기도 구리시 이문안로 62,53.0,0.0,64000.0,,,,
동진뱅크빌(주상복합),32A㎡,경기도 구리시 수택동 847-1,경기도 구리시 이문안로 62,53.0,0.0,65500.0,,1억,,
동진뱅크빌(주상복합),33B㎡,경기도 구리시 수택동 847-1,경기도 구리시 이문안로 62,53.0,0.0,77500.0,"1억 2,000",,,
동진뱅크빌(주상복합),35C㎡,경기도 구리시 수택동 847-1,경기도 구리시 이문안로 62,53.0,0.0,85000.0,,,,
동진뱅크빌(주상복합),36D㎡,경기도 구리시 수택동 847-1,경기도 구리시 이문안로 62,53.0,0.0,,,1억,,
동진뱅크빌(주상복합),38㎡,경기도 구리시 수택동 847-1,경기도 구리시 이문안로 62,53.0,0.0,,,,,
동진뱅크빌(주상복합),42A㎡,경기도 구리시 수택동 847-1,경기도 구리시 이문안로 62,53.0,0.0,,,1억,"1,000/50","1,000/50"
동진뱅크빌(주상복합),42B㎡,경기도 구리시 수택동 847-1,경기도 구리시 이문안로 62,53.0,0.0,,,,,
동진뱅크빌(주상복합),46,경기도 구리시 수택동 847-1,경기도 구리시 이문안로 62,53.0,0.0,,,,,
두원세라믹,65A㎡,경기도 구리시 수택동 622,경기도 구리시 이문안로99번길 22-15,10.0,0.0,65500.0,,,,
두원세라믹,66B,경기도 구리시 수택동 622,경기도 구리시 이문안로99번길 22-15,10.0,0.0,64000.0,,,,
라테라스(주상복합),53A㎡,경기도 구리시 수택동 454-29,경기도 구리시 원수택로32번길 107-3,12.0,0.0,64000.0,,,,
라테라스(주상복합),53B㎡,경기도 구리시 수택동 454-29,경기도 구리시 원수택로32번길 107-3,12.0,0.0,65500.0,,,,
라테라스(주상복합),57,경기도 구리시 수택동 454-29,경기도 구리시 원수택로32번길 107-3,12.0,0.0,77500.0,,,,
럭키,47㎡,경기도 구리시 수택동 853,경기도 구리시 이문안로 124,608.0,0.0,64000.0,"3억 9,000~5억","1억 6,000~1억 9,500","1,500/75~2,000/80","1,500/75~2,000/80"
럭키,79,경기도 구리시 수택동 853,경기도 구리시 이문안로 124,608.0,0.0,65500.0,"5억~6억 5,000","2억 5,000~3억","3,000/95~1억 5,000/50","3,000/95~1억 5,000/50"
리라,65B㎡,경기도 구리시 수택동 629-2,경기도 구리시 원수택로32번길 84,25.0,0.0,85000.0,,,,
리라,65B㎡,경기도 구리시 수택동 629-2,경기도 구리시 원수택로32번길 84,25.0,0.0,,"4억 5,000",,,
리라,70A㎡,경기도 구리시 수택동 629-2,경기도 구리시 원수택로32번길 84,25.0,0.0,64000,,,,
리라,70B㎡,경기도 구리시 수택동 629-2,경기도 구리시 원수택로32번길 84,25.0,0.0,77500,,,,
리라,71,경기도 구리시 수택동 629-2,경기도 구리시 원수택로32번길 84,25.0,0.0,65500,,,,
무지개,73,경기도 구리시 수택동 621-4,경기도 구리시 원수택로32번길 69,6.0,0.0,64000.0,,,,
무학수누피마을,108,경기도 구리시 수택동 449-1,경기도 구리시 이문안로83번길 16-14,46.0,0.0,64000.0,,,,
미주,45㎡,경기도 구리시 수택동 628-25,경기도 구리시 원수택로32번길 59-30,31.0,0.0,65500.0,,,,
미주,50㎡,경기도 구리시 수택동 628-25,경기도 구리시 원수택로32번길 59-30,31.0,0.0,77500.0,,,,
미주,60㎡,경기도 구리시 수택동 628-25,경기도 구리시 원수택로32번길 59-30,31.0,0.0,85000.0,,,,
미주,72A㎡,경기도 구리시 수택동 628-25,경기도 구리시 원수택로32번길 59-30,31.0,0.0,,,,,
미주,73B㎡,경기도 구리시 수택동 628-25,경기도 구리시 원수택로32번길 59-30,31.0,0.0,,,,,
미주,75,경기도 구리시 수택동 628-25,경기도 구리시 원수택로32번길 59-30,31.0,0.0,64000,,,,
바우하우스,63㎡,경기도 구리시 수택동 626-1,경기도 구리시 원수택로32번길 95-2,10.0,0.0,64000.0,,,,
바우하우스,68,경기도 구리시 수택동 626-1,경기도 구리시 원수택로32번길 95-2,10.0,0.0,65500.0,,,,
반석블레스,70㎡,경기도 구리시 수택동 471,경기도 구리시 원수택로64번길 14,80.0,6.0,77500.0,,,,
반석블레스,104A㎡,경기도 구리시 수택동 471,경기도 구리시 원수택로64번길 14,80.0,6.0,64000.0,"7억 1,000~7억 5,000",,,
반석블레스,106B,경기도 구리시 수택동 471,경기도 구리시 원수택로64번길 14,80.0,6.0,65500.0,"7억 5,000",,,
범우하이츠,55㎡,경기도 구리시 수택동 471-1,경기도 구리시 원수택로52번길 15,50.0,0.0,64000.0,,,,
범우하이츠,58A㎡,경기도 구리시 수택동 471-1,경기도 구리시 원수택로52번길 15,50.0,0.0,65500.0,"4억 3,000",,,
범우하이츠,58B㎡,경기도 구리시 수택동 471-1,경기도 구리시 원수택로52번길 15,50.0,0.0,85000.0,,,,
범우하이츠,61,경기도 구리시 수택동 471-1,경기도 구리시 원수택로52번길 15,50.0,0.0,77500.0,,,,
보성,82A㎡,경기도 구리시 수택동 636,경기도 구리시 이문안로99번길 22-19,33.0,0.0,65500.0,,,,
보성,83B㎡,경기도 구리시 수택동 636,경기도 구리시 이문안로99번길 22-19,33.0,0.0,77500.0,,,,
보성,84A㎡,경기도 구리시 수택동 636,경기도 구리시 이문안로99번길 22-19,33.0,0.0,,"4억 8,000~5억",,,
보성,85B㎡,경기도 구리시 수택동 636,경기도 구리시 이문안로99번길 22-19,33.0,0.0,,,,,
보성,85C㎡,경기도 구리시 수택동 636,경기도 구리시 이문안로99번길 22-19,33.0,0.0,64000,,,,
보성,85D,경기도 구리시 수택동 636,경기도 구리시 이문안로99번길 22-19,33.0,0.0,85000,"4억 8,000",,,
성경,36㎡,경기도 구리시 수택동 610,경기도 구리시 원수택로32번길 59-11,16.0,0.0,65500.0,,,,
성경,40㎡,경기도 구리시 수택동 610,경기도 구리시 원수택로32번길 59-11,16.0,0.0,77500.0,,,,
성경,42㎡,경기도 구리시 수택동 610,경기도 구리시 원수택로32번길 59-11,16.0,0.0,85000.0,,,,
성경,45,경기도 구리시 수택동 610,경기도 구리시 원수택로32번길 59-11,16.0,0.0,,,,,
성경시티,49㎡,경기도 구리시 수택동 612-2,경기도 구리시 원수택로32번길 62,40.0,0.0,85000.0,,,,
성경시티,51A㎡,경기도 구리시 수택동 612-2,경기도 구리시 원수택로32번길 62,40.0,0.0,,,,,
성경시티,52B㎡,경기도 구리시 수택동 612-2,경기도 구리시 원수택로32번길 62,40.0,0.0,,,,,
성경시티,54C㎡,경기도 구리시 수택동 612-2,경기도 구리시 원수택로32번길 62,40.0,0.0,,,,,
성경시티,55㎡,경기도 구리시 수택동 612-2,경기도 구리시 원수택로32번길 62,40.0,0.0,,,,,
성경시티,59㎡,경기도 구리시 수택동 612-2,경기도 구리시 원수택로32번길 62,40.0,0.0,,,,,
성경시티,75B㎡,경기도 구리시 수택동 612-2,경기도 구리시 원수택로32번길 62,40.0,0.0,65500,,,,
성경시티,76A㎡,경기도 구리시 수택동 612-2,경기도 구리시 원수택로32번길 62,40.0,0.0,64000,,,"1억 3,000/40~1억 5,000/40","1억 3,000/40~1억 5,000/40"
성경시티,77C,경기도 구리시 수택동 612-2,경기도 구리시 원수택로32번길 62,40.0,0.0,77500,,,,
성경훼미리,81A㎡,경기도 구리시 수택동 624,경기도 구리시 원수택로32번길 73,36.0,0.0,64000.0,,,,
성경훼미리,81B㎡,경기도 구리시 수택동 624,경기도 구리시 원수택로32번길 73,36.0,0.0,65500.0,,,,
성경훼미리,84A㎡,경기도 구리시 수택동 624,경기도 구리시 원수택로32번길 73,36.0,0.0,77500.0,,,,
성경훼미리,84C㎡,경기도 구리시 수택동 624,경기도 구리시 원수택로32번길 73,36.0,0.0,,,,,
성경훼미리,85B㎡,경기도 구리시 수택동 624,경기도 구리시 원수택로32번길 73,36.0,0.0,85000,,,,
성경훼미리,85D,경기도 구리시 수택동 624,경기도 구리시 원수택로32번길 73,36.0,0.0,,,,,
수택금호어울림,90㎡,경기도 구리시 수택동 542,경기도 구리시 경춘로276번길 66,138.0,0.0,64000.0,"7억 3,000","3억 5,000~4억 5,000",,
수택금호어울림,108,경기도 구리시 수택동 542,경기도 구리시 경춘로276번길 66,138.0,0.0,65500.0,"8억~9억 5,000",,,
수택성원상떼빌(주상복합),42F6㎡,경기도 구리시 수택동 482-2,경기도 구리시 원수택로64번길 9,182.0,0.0,64000.0,,,,
수택성원상떼빌(주상복합),43D3㎡,경기도 구리시 수택동 482-2,경기도 구리시 원수택로64번길 9,182.0,0.0,65500.0,,,,
수택성원상떼빌(주상복합),55D2㎡,경기도 구리시 수택동 482-2,경기도 구리시 원수택로64번길 9,182.0,0.0,77500.0,,,,
수택성원상떼빌(주상복합),56B3㎡,경기도 구리시 수택동 482-2,경기도 구리시 원수택로64번길 9,182.0,0.0,85000.0,,,,
수택성원상떼빌(주상복합),57C3㎡,경기도 구리시 수택동 482-2,경기도 구리시 원수택로64번길 9,182.0,0.0,,,,,
수택성원상떼빌(주상복합),57F5㎡,경기도 구리시 수택동 482-2,경기도 구리시 원수택로64번길 9,182.0,0.0,,,,,
수택성원상떼빌(주상복합),68C2㎡,경기도 구리시 수택동 482-2,경기도 구리시 원수택로64번길 9,182.0,0.0,,,,,
수택성원상떼빌(주상복합),69B2㎡,경기도 구리시 수택동 482-2,경기도 구리시 원수택로64번길 9,182.0,0.0,,,,,
수택성원상떼빌(주상복합),69D1㎡,경기도 구리시 수택동 482-2,경기도 구리시 원수택로64번길 9,182.0,0.0,,,,,
수택성원상떼빌(주상복합),69E3㎡,경기도 구리시 수택동 482-2,경기도 구리시 원수택로64번길 9,182.0,0.0,,,,,
수택성원상떼빌(주상복합),72F4㎡,경기도 구리시 수택동 482-2,경기도 구리시 원수택로64번길 9,182.0,0.0,,,,,
수택성원상떼빌(주상복합),76A4㎡,경기도 구리시 수택동 482-2,경기도 구리시 원수택로64번길 9,182.0,0.0,,,,,
수택성원상떼빌(주상복합),78C1㎡,경기도 구리시 수택동 482-2,경기도 구리시 원수택로64번길 9,182.0,0.0,,,,,
수택성원상떼빌(주상복합),79E2㎡,경기도 구리시 수택동 482-2,경기도 구리시 원수택로64번길 9,182.0,0.0,,,,,
수택성원상떼빌(주상복합),82B1㎡,경기도 구리시 수택동 482-2,경기도 구리시 원수택로64번길 9,182.0,0.0,,,,,
수택성원상떼빌(주상복합),89F3㎡,경기도 구리시 수택동 482-2,경기도 구리시 원수택로64번길 9,182.0,0.0,,,,,
수택성원상떼빌(주상복합),92E1㎡,경기도 구리시 수택동 482-2,경기도 구리시 원수택로64번길 9,182.0,0.0,,,,,
수택성원상떼빌(주상복합),92A3㎡,경기도 구리시 수택동 482-2,경기도 구리시 원수택로64번길 9,182.0,0.0,,"4억 8,000",,,
수택성원상떼빌(주상복합),102F2㎡,경기도 구리시 수택동 482-2,경기도 구리시 원수택로64번길 9,182.0,0.0,,,,,
수택성원상떼빌(주상복합),104A2㎡,경기도 구리시 수택동 482-2,경기도 구리시 원수택로64번길 9,182.0,0.0,,,,,
수택성원상떼빌(주상복합),116F1㎡,경기도 구리시 수택동 482-2,경기도 구리시 원수택로64번길 9,182.0,0.0,,"5억 4,000",,,
수택성원상떼빌(주상복합),117A1,경기도 구리시 수택동 482-2,경기도 구리시 원수택로64번길 9,182.0,0.0,,"5억 4,000",4억,,
수택주공,76㎡,경기도 구리시 수택동 549-6,경기도 구리시 수택천로 60,420.0,0.0,64000.0,"6억 1,000","2억 6,000~2억 8,000","2억 3,000/30","2억 3,000/30"
수택주공,108A㎡,경기도 구리시 수택동 549-6,경기도 구리시 수택천로 60,420.0,0.0,65500.0,"8억 5,000","4억 3,000~4억 9,000",,
수택주공,108B,경기도 구리시 수택동 549-6,경기도 구리시 수택천로 60,420.0,0.0,77500.0,8억,,,
스위트밸리Ⅱ(주상복합),33㎡,경기도 구리시 수택동 433-44,경기도 구리시 안골로 96-1,16.0,0.0,85000.0,,,,
스위트밸리Ⅱ(주상복합),39㎡,경기도 구리시 수택동 433-44,경기도 구리시 안골로 96-1,16.0,0.0,64000.0,,,,
스위트밸리Ⅱ(주상복합),41㎡,경기도 구리시 수택동 433-44,경기도 구리시 안골로 96-1,16.0,0.0,65500.0,,,,
스위트밸리Ⅱ(주상복합),48,경기도 구리시 수택동 433-44,경기도 구리시 안골로 96-1,16.0,0.0,77500.0,,,,
신래,68㎡,경기도 구리시 수택동 441-12,경기도 구리시 원수택로12번길 17,19.0,0.0,64000.0,,,,
신래,72A㎡,경기도 구리시 수택동 441-12,경기도 구리시 원수택로12번길 17,19.0,0.0,65500.0,,,,
신래,73B㎡,경기도 구리시 수택동 441-12,경기도 구리시 원수택로12번길 17,19.0,0.0,77500.0,,,,
신래,80㎡,경기도 구리시 수택동 441-12,경기도 구리시 원수택로12번길 17,19.0,0.0,85000.0,,,,
신래,84A㎡,경기도 구리시 수택동 441-12,경기도 구리시 원수택로12번길 17,19.0,0.0,,,,,
신래,84B㎡,경기도 구리시 수택동 441-12,경기도 구리시 원수택로12번길 17,19.0,0.0,,,,,
신래,86C,경기도 구리시 수택동 441-12,경기도 구리시 원수택로12번길 17,19.0,0.0,,,,,
신원그린,61㎡,경기도 구리시 수택동 621-3,경기도 구리시 원수택로32번길 70,27.0,0.0,64000.0,,,,
신원그린,67㎡,경기도 구리시 수택동 621-3,경기도 구리시 원수택로32번길 70,27.0,0.0,77500.0,,,,
신원그린,73㎡,경기도 구리시 수택동 621-3,경기도 구리시 원수택로32번길 70,27.0,0.0,85000.0,,,,
신원그린,74A㎡,경기도 구리시 수택동 621-3,경기도 구리시 원수택로32번길 70,27.0,0.0,,,,,
신원그린,76B㎡,경기도 구리시 수택동 621-3,경기도 구리시 원수택로32번길 70,27.0,0.0,,,,,
신원그린,77C,경기도 구리시 수택동 621-3,경기도 구리시 원수택로32번길 70,27.0,0.0,65500,,,,
쌍용(440),78㎡,경기도 구리시 수택동 440,경기도 구리시 원수택로 20,241.0,0.0,64000.0,,"3억 1,000~3억 5,000",,
쌍용(440),110,경기도 구리시 수택동 440,경기도 구리시 원수택로 20,241.0,0.0,65500.0,"7억~7억 5,000","3억 5,000~4억 3,000",,
쌍용(633-1),38㎡,경기도 구리시 수택동 633-1,경기도 구리시 원수택로32번길 80-1,30.0,0.0,64000.0,,,,
쌍용(633-1),63A㎡,경기도 구리시 수택동 633-1,경기도 구리시 원수택로32번길 80-1,30.0,0.0,65500.0,,,,
쌍용(633-1),63B㎡,경기도 구리시 수택동 633-1,경기도 구리시 원수택로32번길 80-1,30.0,0.0,85000.0,,,,
쌍용(633-1),71,경기도 구리시 수택동 633-1,경기도 구리시 원수택로32번길 80-1,30.0,0.0,77500.0,,,,
씨티빌(도시형),43A㎡,경기도 구리시 수택동 374-3,경기도 구리시 체육관로172번길 26,16.0,0.0,64000.0,,,,
씨티빌(도시형),43B,경기도 구리시 수택동 374-3,경기도 구리시 체육관로172번길 26,16.0,0.0,65500.0,,,,
씨티캐슬(도시형),67㎡,경기도 구리시 수택동 518-6,경기도 구리시 수택천로33번길 15,16.0,0.0,64000.0,,,,
씨티캐슬(도시형),68A㎡,경기도 구리시 수택동 518-6,경기도 구리시 수택천로33번길 15,16.0,0.0,65500.0,,,,
씨티캐슬(도시형),68B㎡,경기도 구리시 수택동 518-6,경기도 구리시 수택천로33번길 15,16.0,0.0,77500.0,,,,
씨티캐슬(도시형),70C,경기도 구리시 수택동 518-6,경기도 구리시 수택천로33번길 15,16.0,0.0,85000.0,,,,
어울림홈타운(도시형),46A㎡,경기도 구리시 수택동 380-24,경기도 구리시 안골로63번길 14-17,12.0,0.0,64000.0,,,,
어울림홈타운(도시형),47B㎡,경기도 구리시 수택동 380-24,경기도 구리시 안골로63번길 14-17,12.0,0.0,65500.0,,,,
어울림홈타운(도시형),49㎡,경기도 구리시 수택동 380-24,경기도 구리시 안골로63번길 14-17,12.0,0.0,77500.0,,,,
어울림홈타운(도시형),54,경기도 구리시 수택동 380-24,경기도 구리시 안골로63번길 14-17,12.0,0.0,85000.0,,,,
언덕위에하얀집대동,82,경기도 구리시 수택동 626-24,경기도 구리시 원수택로32번길 95-8,11.0,0.0,64000.0,,,,
에스케이시티하우스(주상복합),21㎡,경기도 구리시 수택동 379-6,경기도 구리시 안골로 73-11,27.0,0.0,64000.0,,,,
에스케이시티하우스(주상복합),27D㎡,경기도 구리시 수택동 379-6,경기도 구리시 안골로 73-11,27.0,0.0,,,,,
에스케이시티하우스(주상복합),27C㎡,경기도 구리시 수택동 379-6,경기도 구리시 안골로 73-11,27.0,0.0,85000,,,,
에스케이시티하우스(주상복합),27A㎡,경기도 구리시 수택동 379-6,경기도 구리시 안골로 73-11,27.0,0.0,65500,,,,
에스케이시티하우스(주상복합),27B,경기도 구리시 수택동 379-6,경기도 구리시 안골로 73-11,27.0,0.0,77500,,,,
영진,50㎡,경기도 구리시 수택동 647,경기도 구리시 원수택로32번길 87,19.0,0.0,64000.0,,,,
영진,82A㎡,경기도 구리시 수택동 647,경기도 구리시 원수택로32번길 87,19.0,0.0,65500.0,,,,
영진,82B㎡,경기도 구리시 수택동 647,경기도 구리시 원수택로32번길 87,19.0,0.0,77500.0,,,,
영진,82C,경기도 구리시 수택동 647,경기도 구리시 원수택로32번길 87,19.0,0.0,85000.0,,,,
영풍마드레빌1차,82㎡,경기도 구리시 수택동 885,경기도 구리시 벌말로 226-6,251.0,0.0,64000.0,"6억 2,000~6억 5,000","3억 5,000",,
영풍마드레빌1차,108㎡,경기도 구리시 수택동 885,경기도 구리시 벌말로 226-6,251.0,0.0,65500.0,"6억 3,000~8억","4억~4억 8,000","3억 3,000/40","3억 3,000/40"
영풍마드레빌1차,134,경기도 구리시 수택동 885,경기도 구리시 벌말로 226-6,251.0,0.0,77500.0,"7억 6,000~10억",,,
우림,77㎡,경기도 구리시 수택동 684-11,경기도 구리시 이문안로139번길 9,266.0,0.0,64000.0,"5억~5억 1,000",,,
우림,86㎡,경기도 구리시 수택동 684-11,경기도 구리시 이문안로139번길 9,266.0,0.0,65500.0,,"2억 5,000","3,000/80~5,000/70","3,000/80~5,000/70"
우림,105B㎡,경기도 구리시 수택동 684-11,경기도 구리시 이문안로139번길 9,266.0,0.0,,,,,
우림,105A㎡,경기도 구리시 수택동 684-11,경기도 구리시 이문안로139번길 9,266.0,0.0,77500,"5억 5,000~6억",3억~4억,"2억 5,000/40","2억 5,000/40"
우림,114,경기도 구리시 수택동 684-11,경기도 구리시 이문안로139번길 9,266.0,0.0,85000,"6억 1,000",,,
원일,73㎡,경기도 구리시 수택동 552,경기도 구리시 경춘로276번길 45-30,215.0,0.0,64000.0,,,,
원일,76C㎡,경기도 구리시 수택동 552,경기도 구리시 경춘로276번길 45-30,215.0,0.0,,,,,
원일,76A㎡,경기도 구리시 수택동 552,경기도 구리시 경춘로276번길 45-30,215.0,0.0,77500,,"2억 3,000",,
원일,76B㎡,경기도 구리시 수택동 552,경기도 구리시 경춘로276번길 45-30,215.0,0.0,65500,,,,
원일,87㎡,경기도 구리시 수택동 552,경기도 구리시 경춘로276번길 45-30,215.0,0.0,,,,,
원일,91A㎡,경기도 구리시 수택동 552,경기도 구리시 경춘로276번길 45-30,215.0,0.0,,,,,
원일,91B㎡,경기도 구리시 수택동 552,경기도 구리시 경춘로276번길 45-30,215.0,0.0,,,,,
원일,99A,경기도 구리시 수택동 552,경기도 구리시 경춘로276번길 45-30,215.0,0.0,,,,,
유창,60㎡,경기도 구리시 수택동 454-44,경기도 구리시 이문안로99번길 22-23,12.0,0.0,64000.0,5억,,,
유창,63㎡,경기도 구리시 수택동 454-44,경기도 구리시 이문안로99번길 22-23,12.0,0.0,65500.0,,,,
유창,67,경기도 구리시 수택동 454-44,경기도 구리시 이문안로99번길 22-23,12.0,0.0,77500.0,,,,
유창(주상복합),90A㎡,경기도 구리시 수택동 626-26,경기도 구리시 원수택로32번길 95-20,15.0,0.0,64000.0,,"1억 8,000~2억 3,000","4,000/80","4,000/80"
유창(주상복합),90B㎡,경기도 구리시 수택동 626-26,경기도 구리시 원수택로32번길 95-20,15.0,0.0,77500.0,,,,
유창(주상복합),90C,경기도 구리시 수택동 626-26,경기도 구리시 원수택로32번길 95-20,15.0,0.0,65500.0,,,,
유현,77㎡,경기도 구리시 수택동 502-1,경기도 구리시 검배로59번길 30,91.0,0.0,64000.0,,,,
유현,97㎡,경기도 구리시 수택동 502-1,경기도 구리시 검배로59번길 30,91.0,0.0,65500.0,,,,
유현,98㎡,경기도 구리시 수택동 502-1,경기도 구리시 검배로59번길 30,91.0,0.0,77500.0,,,,
유현,110A㎡,경기도 구리시 수택동 502-1,경기도 구리시 검배로59번길 30,91.0,0.0,85000.0,,,,
유현,110B,경기도 구리시 수택동 502-1,경기도 구리시 검배로59번길 30,91.0,0.0,,,,,
율촌마을무학,78A㎡,경기도 구리시 수택동 469-1,경기도 구리시 원수택로64번길 10,56.0,0.0,77500.0,,,,
율촌마을무학,78B㎡,경기도 구리시 수택동 469-1,경기도 구리시 원수택로64번길 10,56.0,0.0,85000.0,,,,
율촌마을무학,79C㎡,경기도 구리시 수택동 469-1,경기도 구리시 원수택로64번길 10,56.0,0.0,64000.0,,,,
율촌마을무학,105,경기도 구리시 수택동 469-1,경기도 구리시 원수택로64번길 10,56.0,0.0,65500.0,,,,
일우,51A㎡,경기도 구리시 수택동 626-2,경기도 구리시 검배로60번길 81,43.0,0.0,64000.0,,,,
일우,54B㎡,경기도 구리시 수택동 626-2,경기도 구리시 검배로60번길 81,43.0,0.0,65500.0,,,,
일우,57A㎡,경기도 구리시 수택동 626-2,경기도 구리시 검배로60번길 81,43.0,0.0,77500.0,,,,
일우,57A㎡,경기도 구리시 수택동 626-2,경기도 구리시 검배로60번길 81,43.0,0.0,,,,,
일우,57B㎡,경기도 구리시 수택동 626-2,경기도 구리시 검배로60번길 81,43.0,0.0,,,,,
일우,58C㎡,경기도 구리시 수택동 626-2,경기도 구리시 검배로60번길 81,43.0,0.0,,,,,
일우,59B㎡,경기도 구리시 수택동 626-2,경기도 구리시 검배로60번길 81,43.0,0.0,,,,,
일우,69A㎡,경기도 구리시 수택동 626-2,경기도 구리시 검배로60번길 81,43.0,0.0,85000,,,,
일우,69B㎡,경기도 구리시 수택동 626-2,경기도 구리시 검배로60번길 81,43.0,0.0,,,,,
일우,71A㎡,경기도 구리시 수택동 626-2,경기도 구리시 검배로60번길 81,43.0,0.0,,,,,
일우,72B,경기도 구리시 수택동 626-2,경기도 구리시 검배로60번길 81,43.0,0.0,,,,,
진양(626-25),78,경기도 구리시 수택동 626-25,경기도 구리시 원수택로32번길 95-12,19.0,0.0,77500.0,,,,
진양(628-2),64A㎡,경기도 구리시 수택동 628-2,경기도 구리시 원수택로32번길 59-26,10.0,0.0,64000.0,"4억 5,000",,,
진양(628-2),64B㎡,경기도 구리시 수택동 628-2,경기도 구리시 원수택로32번길 59-26,10.0,0.0,65500.0,,,,
진양(628-2),67C,경기도 구리시 수택동 628-2,경기도 구리시 원수택로32번길 59-26,10.0,0.0,77500.0,,,,
칼라하우스,53㎡,경기도 구리시 수택동 626-48,경기도 구리시 원수택로32번길 66,35.0,0.0,64000.0,,,,
칼라하우스,63㎡,경기도 구리시 수택동 626-48,경기도 구리시 원수택로32번길 66,35.0,0.0,65500.0,,,,
칼라하우스,72A㎡,경기도 구리시 수택동 626-48,경기도 구리시 원수택로32번길 66,35.0,0.0,77500.0,,,,
칼라하우스,73B㎡,경기도 구리시 수택동 626-48,경기도 구리시 원수택로32번길 66,35.0,0.0,85000.0,,,,
칼라하우스,74C㎡,경기도 구리시 수택동 626-48,경기도 구리시 원수택로32번길 66,35.0,0.0,,,,,
칼라하우스,75A㎡,경기도 구리시 수택동 626-48,경기도 구리시 원수택로32번길 66,35.0,0.0,,,,,
칼라하우스,75B㎡,경기도 구리시 수택동 626-48,경기도 구리시 원수택로32번길 66,35.0,0.0,,,,,
칼라하우스,75C,경기도 구리시 수택동 626-48,경기도 구리시 원수택로32번길 66,35.0,0.0,,,,,
킴스빌,28㎡,경기도 구리시 수택동 493-11,경기도 구리시 수택천로16번길 62,7.0,0.0,64000.0,,,,
킴스빌,43㎡,경기도 구리시 수택동 493-11,경기도 구리시 수택천로16번길 62,7.0,0.0,65500.0,,,,
킴스빌,53㎡,경기도 구리시 수택동 493-11,경기도 구리시 수택천로16번길 62,7.0,0.0,77500.0,,,,
킴스빌,59,경기도 구리시 수택동 493-11,경기도 구리시 수택천로16번길 62,7.0,0.0,85000.0,,,,
토평주공,62㎡,경기도 구리시 수택동 879,경기도 구리시 벌말로 226,693.0,0.0,64000.0,,,"2,000/90~3,000/90","2,000/90~3,000/90"
토평주공,81,경기도 구리시 수택동 879,경기도 구리시 벌말로 226,693.0,0.0,65500.0,"5억 1,000~6억 8,000","2억 8,000~3억 5,000","4,000/110~2억 5,000/60","4,000/110~2억 5,000/60"
하이빌,48A㎡,경기도 구리시 수택동 627,경기도 구리시 원수택로32번길 77,18.0,0.0,64000.0,,,,
하이빌,50B㎡,경기도 구리시 수택동 627,경기도 구리시 원수택로32번길 77,18.0,0.0,65500.0,,,,
하이빌,71,경기도 구리시 수택동 627,경기도 구리시 원수택로32번길 77,18.0,0.0,77500.0,,,,
하이스트빌(주상복합),38㎡,경기도 구리시 수택동 506-9,경기도 구리시 검배로 55,175.0,0.0,64000.0,,,,
하이스트빌(주상복합),53㎡,경기도 구리시 수택동 506-9,경기도 구리시 검배로 55,175.0,0.0,65500.0,"2억 6,000~2억 6,500",,,
하이스트빌(주상복합),57㎡,경기도 구리시 수택동 506-9,경기도 구리시 검배로 55,175.0,0.0,77500.0,,,"2,000/75","2,000/75"
하이스트빌(주상복합),59㎡,경기도 구리시 수택동 506-9,경기도 구리시 검배로 55,175.0,0.0,85000.0,,,,
하이스트빌(주상복합),67㎡,경기도 구리시 수택동 506-9,경기도 구리시 검배로 55,175.0,0.0,,,,,
하이스트빌(주상복합),70㎡,경기도 구리시 수택동 506-9,경기도 구리시 검배로 55,175.0,0.0,,,,,
하이스트빌(주상복합),81㎡,경기도 구리시 수택동 506-9,경기도 구리시 검배로 55,175.0,0.0,,,,,
하이스트빌(주상복합),86B㎡,경기도 구리시 수택동 506-9,경기도 구리시 검배로 55,175.0,0.0,,"5억 2,000","3억 2,000",,
하이스트빌(주상복합),86A㎡,경기도 구리시 수택동 506-9,경기도 구리시 검배로 55,175.0,0.0,,,,,
하이스트빌(주상복합),113B㎡,경기도 구리시 수택동 506-9,경기도 구리시 검배로 55,175.0,0.0,,"5억 5,000~6억 7,000","4억 5,000",,
하이스트빌(주상복합),113A,경기도 구리시 수택동 506-9,경기도 구리시 검배로 55,175.0,0.0,,,,,
한성,81,경기도 구리시 수택동 854-3,경기도 구리시 체육관로 40,240.0,0.0,64000.0,7억~11억,"2억 6,000~3억 5,000","5,000/120~2억/60","5,000/120~2억/60"
한솔,78A㎡,경기도 구리시 수택동 626-35,경기도 구리시 원수택로32번길 59-15,16.0,0.0,64000.0,,,,
한솔,78B㎡,경기도 구리시 수택동 626-35,경기도 구리시 원수택로32번길 59-15,16.0,0.0,65500.0,,,,
한솔,81A㎡,경기도 구리시 수택동 626-35,경기도 구리시 원수택로32번길 59-15,16.0,0.0,77500.0,"5억 3,000",,,
한솔,82B,경기도 구리시 수택동 626-35,경기도 구리시 원수택로32번길 59-15,16.0,0.0,85000.0,,,,
한인,60B㎡,경기도 구리시 수택동 517-3,경기도 구리시 수택천로25번길 11,137.0,0.0,,,,,
한인,60A㎡,경기도 구리시 수택동 517-3,경기도 구리시 수택천로25번길 11,137.0,0.0,85000,,,,
한인,69㎡,경기도 구리시 수택동 517-3,경기도 구리시 수택천로25번길 11,137.0,0.0,64000,,,,
한인,88A㎡,경기도 구리시 수택동 517-3,경기도 구리시 수택천로25번길 11,137.0,0.0,65500,"5억~5억 5,000",,,
한인,89B,경기도 구리시 수택동 517-3,경기도 구리시 수택천로25번길 11,137.0,0.0,77500,,,,
현암(445-13),90㎡,경기도 구리시 수택동 445-13,경기도 구리시 원수택로 6-15,38.0,0.0,64000.0,,,,
현암(445-13),92,경기도 구리시 수택동 445-13,경기도 구리시 원수택로 6-15,38.0,0.0,65500.0,,,,
현암(561-7),56㎡,경기도 구리시 수택동 561-7,경기도 구리시 경춘로288번길 7,30.0,0.0,64000.0,,,,
현암(561-7),60㎡,경기도 구리시 수택동 561-7,경기도 구리시 경춘로288번길 7,30.0,0.0,65500.0,,,,
현암(561-7),63,경기도 구리시 수택동 561-7,경기도 구리시 경춘로288번길 7,30.0,0.0,77500.0,,,,
아치울멤버스카운티,39㎡,경기도 구리시 아천동 341-17,경기도 구리시 아치울길 25-27,8.0,0.0,,,,,
아치울멤버스카운티,44A㎡,경기도 구리시 아천동 341-17,경기도 구리시 아치울길 25-27,8.0,0.0,,,,,
아치울멤버스카운티,44B㎡,경기도 구리시 아천동 341-17,경기도 구리시 아치울길 25-27,8.0,0.0,,,,,
아치울멤버스카운티,46B㎡,경기도 구리시 아천동 341-17,경기도 구리시 아치울길 25-27,8.0,0.0,,,,,
아치울멤버스카운티,46A㎡,경기도 구리시 아천동 341-17,경기도 구리시 아치울길 25-27,8.0,0.0,,,,,
아치울멤버스카운티,47,경기도 구리시 아천동 341-17,경기도 구리시 아치울길 25-27,8.0,0.0,,,,,
워커힐메리톤,104A㎡,경기도 구리시 아천동 86-4,경기도 구리시 아치울길22번길 16,12.0,0.0,,,,,
워커힐메리톤,107B㎡,경기도 구리시 아천동 86-4,경기도 구리시 아치울길22번길 16,12.0,0.0,,"16억 1,000~18억 5,000",13억~16억,,
워커힐메리톤,111㎡,경기도 구리시 아천동 86-4,경기도 구리시 아치울길22번길 16,12.0,0.0,,,,,
워커힐메리톤,116㎡,경기도 구리시 아천동 86-4,경기도 구리시 아치울길22번길 16,12.0,0.0,,"16억 6,000",,,
워커힐메리톤,117㎡,경기도 구리시 아천동 86-4,경기도 구리시 아치울길22번길 16,12.0,0.0,,17억,,,
워커힐메리톤,133㎡,경기도 구리시 아천동 86-4,경기도 구리시 아치울길22번길 16,12.0,0.0,,,,,
워커힐메리톤,137A㎡,경기도 구리시 아천동 86-4,경기도 구리시 아치울길22번길 16,12.0,0.0,,,,,
워커힐메리톤,138B,경기도 구리시 아천동 86-4,경기도 구리시 아치울길22번길 16,12.0,0.0,,,,,
e편한세상인창어반포레,60㎡,경기도 구리시 인창동 716,경기도 구리시 건원대로33번길 9,632.0,32.0,51000.0,"6억 4,000","2억 9,500~3억 2,500","5,000/100","5,000/100"
e편한세상인창어반포레,86A㎡,경기도 구리시 인창동 716,경기도 구리시 건원대로33번길 9,632.0,32.0,91500.0,"8억 5,000~12억","3억 5,000~4억 8,000",1억/140~1억/160,1억/140~1억/160
e편한세상인창어반포레,86B㎡,경기도 구리시 인창동 716,경기도 구리시 건원대로33번길 9,632.0,32.0,91500.0,,"3억 5,000~5억",1억/140~2억/100,1억/140~2억/100
e편한세상인창어반포레,113A㎡,경기도 구리시 인창동 716,경기도 구리시 건원대로33번길 9,632.0,32.0,103500.0,"11억 5,000~12억 3,000",6억,,
e편한세상인창어반포레,114B,경기도 구리시 인창동 716,경기도 구리시 건원대로33번길 9,632.0,32.0,103500.0,14억,"5억 2,000~6억 9,000",,
건영,76㎡,경기도 구리시 인창동 474,경기도 구리시 동구릉로 151,573.0,0.0,51000.0,"5억 5,000~6억 8,000",,,
건영,88B㎡,경기도 구리시 인창동 474,경기도 구리시 동구릉로 151,573.0,0.0,103500.0,"6억 5,000~6억 7,000",,,
건영,88A㎡,경기도 구리시 인창동 474,경기도 구리시 동구릉로 151,573.0,0.0,91500.0,,"3억 5,000","7,000/100~7,000/110","7,000/100~7,000/110"
건영,88C㎡,경기도 구리시 인창동 474,경기도 구리시 동구릉로 151,573.0,0.0,103500.0,,,,
건영,102B㎡,경기도 구리시 인창동 474,경기도 구리시 동구릉로 151,573.0,0.0,,"6억 8,000~7억 8,000","3억~4억 3,000","5,000/130~2억/100","5,000/130~2억/100"
건영,102A,경기도 구리시 인창동 474,경기도 구리시 동구릉로 151,573.0,0.0,91500,,,,
구리더샵그린포레1단지,111I㎡,경기도 구리시 인창동 713,경기도 구리시 인창2로 13,236.0,0.0,51000.0,,,,
구리더샵그린포레1단지,112G㎡,경기도 구리시 인창동 713,경기도 구리시 인창2로 13,236.0,0.0,91500.0,,,,
구리더샵그린포레1단지,112A㎡,경기도 구리시 인창동 713,경기도 구리시 인창2로 13,236.0,0.0,103500.0,7억,4억,,
구리더샵그린포레1단지,112B㎡,경기도 구리시 인창동 713,경기도 구리시 인창2로 13,236.0,0.0,91500.0,7억,"4억 5,000",,
구리더샵그린포레1단지,112H㎡,경기도 구리시 인창동 713,경기도 구리시 인창2로 13,236.0,0.0,,"7억 2,000",,,
구리더샵그린포레1단지,112J㎡,경기도 구리시 인창동 713,경기도 구리시 인창2로 13,236.0,0.0,103500,"7억 4,000","4억~4억 3,000",,
구리더샵그린포레1단지,112L㎡,경기도 구리시 인창동 713,경기도 구리시 인창2로 13,236.0,0.0,,,,,
구리더샵그린포레1단지,112M㎡,경기도 구리시 인창동 713,경기도 구리시 인창2로 13,236.0,0.0,,"7억 4,000","4억 5,000",3억/85,3억/85
구리더샵그린포레1단지,112C㎡,경기도 구리시 인창동 713,경기도 구리시 인창2로 13,236.0,0.0,,,,,
구리더샵그린포레1단지,113D㎡,경기도 구리시 인창동 713,경기도 구리시 인창2로 13,236.0,0.0,,"7억 2,000",,,
구리더샵그린포레1단지,113E㎡,경기도 구리시 인창동 713,경기도 구리시 인창2로 13,236.0,0.0,,,,,
구리더샵그린포레1단지,113F㎡,경기도 구리시 인창동 713,경기도 구리시 인창2로 13,236.0,0.0,,,,,
구리더샵그린포레1단지,113N㎡,경기도 구리시 인창동 713,경기도 구리시 인창2로 13,236.0,0.0,,"7억 3,000",,,
구리더샵그린포레1단지,114K㎡,경기도 구리시 인창동 713,경기도 구리시 인창2로 13,236.0,0.0,,,,,
구리더샵그린포레1단지,151C㎡,경기도 구리시 인창동 713,경기도 구리시 인창2로 13,236.0,0.0,,,,,
구리더샵그린포레1단지,152B㎡,경기도 구리시 인창동 713,경기도 구리시 인창2로 13,236.0,0.0,,,,,
구리더샵그린포레1단지,154A,경기도 구리시 인창동 713,경기도 구리시 인창2로 13,236.0,0.0,,,,,
구리더샵그린포레2단지,100㎡,경기도 구리시 인창동 714,경기도 구리시 인창2로 3,171.0,0.0,51000.0,"6억 9,000",,"3,000/140","3,000/140"
구리더샵그린포레2단지,114E㎡,경기도 구리시 인창동 714,경기도 구리시 인창2로 3,171.0,0.0,103500.0,,,,
구리더샵그린포레2단지,114B㎡,경기도 구리시 인창동 714,경기도 구리시 인창2로 3,171.0,0.0,91500.0,,,,
구리더샵그린포레2단지,114H㎡,경기도 구리시 인창동 714,경기도 구리시 인창2로 3,171.0,0.0,91500.0,"7억 3,000~7억 5,000",,,
구리더샵그린포레2단지,114D㎡,경기도 구리시 인창동 714,경기도 구리시 인창2로 3,171.0,0.0,103500.0,"6억 7,000",,,
구리더샵그린포레2단지,114F㎡,경기도 구리시 인창동 714,경기도 구리시 인창2로 3,171.0,0.0,,,,,
구리더샵그린포레2단지,115G㎡,경기도 구리시 인창동 714,경기도 구리시 인창2로 3,171.0,0.0,,,,,
구리더샵그린포레2단지,115C㎡,경기도 구리시 인창동 714,경기도 구리시 인창2로 3,171.0,0.0,,,,,
구리더샵그린포레2단지,115A㎡,경기도 구리시 인창동 714,경기도 구리시 인창2로 3,171.0,0.0,,,,,
구리더샵그린포레2단지,130㎡,경기도 구리시 인창동 714,경기도 구리시 인창2로 3,171.0,0.0,,,,,
구리더샵그린포레2단지,138A㎡,경기도 구리시 인창동 714,경기도 구리시 인창2로 3,171.0,0.0,,,,,
구리더샵그린포레2단지,138B㎡,경기도 구리시 인창동 714,경기도 구리시 인창2로 3,171.0,0.0,,,,,
구리더샵그린포레2단지,138C,경기도 구리시 인창동 714,경기도 구리시 인창2로 3,171.0,0.0,,,,,
구리인창공원우림필유,152,경기도 구리시 인창동 711,경기도 구리시 동구릉로66번길 14,121.0,0.0,51000.0,"8억 5,000~10억","6억~6억 3,000",,
구리인창금호어울림,93㎡,경기도 구리시 인창동 709,경기도 구리시 동구릉로 226,235.0,0.0,51000.0,"5억~6억 5,000",4억,,
구리인창금호어울림,105A㎡,경기도 구리시 인창동 709,경기도 구리시 동구릉로 226,235.0,0.0,91500.0,"6억 6,000~7억 5,000",3억,,
구리인창금호어울림,106B,경기도 구리시 인창동 709,경기도 구리시 동구릉로 226,235.0,0.0,91500.0,,,,
구리인창동문굿모닝힐2차,94㎡,경기도 구리시 인창동 706,경기도 구리시 동구릉로53번길 17,209.0,0.0,51000.0,"6억 7,000~6억 7,500",,,
구리인창동문굿모닝힐2차,108,경기도 구리시 인창동 706,경기도 구리시 동구릉로53번길 17,209.0,0.0,91500.0,"7억 2,000~7억 3,000","4억 3,000~4억 5,000",1억/100~1억/120,1억/100~1억/120
노엘,72,경기도 구리시 인창동 648-101,경기도 구리시 인창2로63번길 15,30.0,0.0,51000.0,"2억 4,500","1억 7,000~1억 8,000",,
다우림,104,경기도 구리시 인창동 704,경기도 구리시 동구릉로53번길 103,56.0,0.0,51000.0,"5억~6억 1,500",,2억/70,2억/70
대명,75㎡,경기도 구리시 인창동 610-20,경기도 구리시 동구릉로30번길 33,207.0,0.0,51000.0,"4억 2,000~4억 5,000",,,
대명,78A㎡,경기도 구리시 인창동 610-20,경기도 구리시 동구릉로30번길 33,207.0,0.0,103500.0,,,,
대명,79B㎡,경기도 구리시 인창동 610-20,경기도 구리시 동구릉로30번길 33,207.0,0.0,91500.0,,2억,,
대명,81㎡,경기도 구리시 인창동 610-20,경기도 구리시 동구릉로30번길 33,207.0,0.0,91500.0,5억,,"1,500/80~1,500/85","1,500/80~1,500/85"
대명,85㎡,경기도 구리시 인창동 610-20,경기도 구리시 동구릉로30번길 33,207.0,0.0,103500.0,"4억 5,000~4억 8,000","2억 3,000~2억 5,000",,
대명,103㎡,경기도 구리시 인창동 610-20,경기도 구리시 동구릉로30번길 33,207.0,0.0,,,,,
대명,110,경기도 구리시 인창동 610-20,경기도 구리시 동구릉로30번길 33,207.0,0.0,,"7억 5,000",,,
대양,42㎡,경기도 구리시 인창동 641-23,경기도 구리시 인창2로 64,12.0,0.0,51000.0,,,,
대양,61,경기도 구리시 인창동 641-23,경기도 구리시 인창2로 64,12.0,0.0,91500.0,,,,
동문굿모닝힐1차,111,경기도 구리시 인창동 707,경기도 구리시 건원대로99번길 112,312.0,0.0,51000.0,"8억 8,000~11억","4억 5,000","5,000/160~4억/50","5,000/160~4억/50"
동산,49㎡,경기도 구리시 인창동 557-2,경기도 구리시 동구릉로 35-10,18.0,0.0,51000.0,,,,
동산,55㎡,경기도 구리시 인창동 557-2,경기도 구리시 동구릉로 35-10,18.0,0.0,91500.0,,,,
동산,68㎡,경기도 구리시 인창동 557-2,경기도 구리시 동구릉로 35-10,18.0,0.0,91500.0,,,,
동산,72A㎡,경기도 구리시 인창동 557-2,경기도 구리시 동구릉로 35-10,18.0,0.0,103500.0,,,,
동산,72B㎡,경기도 구리시 인창동 557-2,경기도 구리시 동구릉로 35-10,18.0,0.0,103500.0,,,,
동산,75,경기도 구리시 인창동 557-2,경기도 구리시 동구릉로 35-10,18.0,0.0,,,3억,,
동양,114,경기도 구리시 인창동 487,경기도 구리시 동구릉로103번길 61,485.0,0.0,51000.0,"7억 4,000~8억 7,000","3억 8,000~4억 2,000",2억/100~3억/80,2억/100~3억/80
동원베네스트,80㎡,경기도 구리시 인창동 703,경기도 구리시 동구릉로53번길 42,572.0,0.0,51000.0,6억~7억,3억~4억,,
동원베네스트,108,경기도 구리시 인창동 703,경기도 구리시 동구릉로53번길 42,572.0,0.0,91500.0,"7억 5,000~8억","3억 5,000~5억",2억/70,2억/70
부영,51㎡,경기도 구리시 인창동 640-2,경기도 구리시 인창1로 45-7,122.0,0.0,103500.0,"2억 3,000",,,
부영,56A㎡,경기도 구리시 인창동 640-2,경기도 구리시 인창1로 45-7,122.0,0.0,103500.0,,,,
부영,57B㎡,경기도 구리시 인창동 640-2,경기도 구리시 인창1로 45-7,122.0,0.0,,,,,
부영,62A㎡,경기도 구리시 인창동 640-2,경기도 구리시 인창1로 45-7,122.0,0.0,,,,,
부영,62B㎡,경기도 구리시 인창동 640-2,경기도 구리시 인창1로 45-7,122.0,0.0,,,,,
부영,65A㎡,경기도 구리시 인창동 640-2,경기도 구리시 인창1로 45-7,122.0,0.0,,,,,
부영,65C㎡,경기도 구리시 인창동 640-2,경기도 구리시 인창1로 45-7,122.0,0.0,,,,,
부영,66D㎡,경기도 구리시 인창동 640-2,경기도 구리시 인창1로 45-7,122.0,0.0,,,,,
부영,67B㎡,경기도 구리시 인창동 640-2,경기도 구리시 인창1로 45-7,122.0,0.0,51000,,,,
부영,68㎡,경기도 구리시 인창동 640-2,경기도 구리시 인창1로 45-7,122.0,0.0,,,,,
부영,78A㎡,경기도 구리시 인창동 640-2,경기도 구리시 인창1로 45-7,122.0,0.0,,,,,
부영,79B㎡,경기도 구리시 인창동 640-2,경기도 구리시 인창1로 45-7,122.0,0.0,,,,,
부영,82C㎡,경기도 구리시 인창동 640-2,경기도 구리시 인창1로 45-7,122.0,0.0,,"3억 1,000",,,
부영,82A㎡,경기도 구리시 인창동 640-2,경기도 구리시 인창1로 45-7,122.0,0.0,91500,,"1억 7,000",,
부영,82B㎡,경기도 구리시 인창동 640-2,경기도 구리시 인창1로 45-7,122.0,0.0,,,,,
부영,86B㎡,경기도 구리시 인창동 640-2,경기도 구리시 인창1로 45-7,122.0,0.0,,,,,
부영,86A,경기도 구리시 인창동 640-2,경기도 구리시 인창1로 45-7,122.0,0.0,91500,,,,
비둘기,84,경기도 구리시 인창동 383-36,경기도 구리시 건원대로99번길 67,19.0,0.0,51000.0,"3억 3,000~4억",,,
삼보,114㎡,경기도 구리시 인창동 665-1,경기도 구리시 건원대로 56,906.0,0.0,51000.0,"7억 9,000~8억 7,000",5억,3억/45,3억/45
삼보,127㎡,경기도 구리시 인창동 665-1,경기도 구리시 건원대로 56,906.0,0.0,91500.0,"7억 5,000~9억 1,000","4억 5,000~5억 5,000",1억/140~4억/20,1억/140~4억/20
삼보,141,경기도 구리시 인창동 665-1,경기도 구리시 건원대로 56,906.0,0.0,91500.0,"10억 5,000~13억",6억,,
삼호,68㎡,경기도 구리시 인창동 590,경기도 구리시 응달말로40번길 13,231.0,0.0,51000.0,,"2억 2,000~2억 5,000",,
삼호,97,경기도 구리시 인창동 590,경기도 구리시 응달말로40번길 13,231.0,0.0,91500.0,,"3억 8,000",,
성원2차,75㎡,경기도 구리시 인창동 453,경기도 구리시 동구릉로129번길 24,461.0,0.0,51000.0,"6억~7억 3,000","2억 9,500~3억 9,000","5,000/120~1억 3,000/70","5,000/120~1억 3,000/70"
성원2차,107㎡,경기도 구리시 인창동 453,경기도 구리시 동구릉로129번길 24,461.0,0.0,91500.0,"7억 3,000~7억 9,000","3억 3,000~4억","1억 5,000/100~3억/60","1억 5,000/100~3억/60"
성원2차,169,경기도 구리시 인창동 453,경기도 구리시 동구릉로129번길 24,461.0,0.0,91500.0,"9억 8,000~12억","4억 9,000~5억 5,000","1억/150~3억 5,000/80","1억/150~3억 5,000/80"
신동흥,36A㎡,경기도 구리시 인창동 576-40,경기도 구리시 응달말로40번길 1,135.0,0.0,,,,,
신동흥,36B㎡,경기도 구리시 인창동 576-40,경기도 구리시 응달말로40번길 1,135.0,0.0,,,,,
신동흥,39㎡,경기도 구리시 인창동 576-40,경기도 구리시 응달말로40번길 1,135.0,0.0,,,,,
신동흥,41C㎡,경기도 구리시 인창동 576-40,경기도 구리시 응달말로40번길 1,135.0,0.0,,,,,
신동흥,42B㎡,경기도 구리시 인창동 576-40,경기도 구리시 응달말로40번길 1,135.0,0.0,,,,,
신동흥,43A㎡,경기도 구리시 인창동 576-40,경기도 구리시 응달말로40번길 1,135.0,0.0,,,,,
신동흥,45C㎡,경기도 구리시 인창동 576-40,경기도 구리시 응달말로40번길 1,135.0,0.0,,,,,
신동흥,46A㎡,경기도 구리시 인창동 576-40,경기도 구리시 응달말로40번길 1,135.0,0.0,,,,,
신동흥,46B㎡,경기도 구리시 인창동 576-40,경기도 구리시 응달말로40번길 1,135.0,0.0,,,,,
신동흥,53B㎡,경기도 구리시 인창동 576-40,경기도 구리시 응달말로40번길 1,135.0,0.0,,,,,
신동흥,54A㎡,경기도 구리시 인창동 576-40,경기도 구리시 응달말로40번길 1,135.0,0.0,,,,,
신동흥,59C㎡,경기도 구리시 인창동 576-40,경기도 구리시 응달말로40번길 1,135.0,0.0,,,,,
신동흥,59B㎡,경기도 구리시 인창동 576-40,경기도 구리시 응달말로40번길 1,135.0,0.0,,,,,
신동흥,60A㎡,경기도 구리시 인창동 576-40,경기도 구리시 응달말로40번길 1,135.0,0.0,,,,,
신동흥,63㎡,경기도 구리시 인창동 576-40,경기도 구리시 응달말로40번길 1,135.0,0.0,,,,,
신동흥,64A㎡,경기도 구리시 인창동 576-40,경기도 구리시 응달말로40번길 1,135.0,0.0,91500,,,,
신동흥,64C㎡,경기도 구리시 인창동 576-40,경기도 구리시 응달말로40번길 1,135.0,0.0,51000,,,,
신동흥,66B㎡,경기도 구리시 인창동 576-40,경기도 구리시 응달말로40번길 1,135.0,0.0,103500,,,,
신동흥,66E㎡,경기도 구리시 인창동 576-40,경기도 구리시 응달말로40번길 1,135.0,0.0,,,,,
신동흥,67D㎡,경기도 구리시 인창동 576-40,경기도 구리시 응달말로40번길 1,135.0,0.0,103500,,,,
신동흥,80C㎡,경기도 구리시 인창동 576-40,경기도 구리시 응달말로40번길 1,135.0,0.0,,,,,
신동흥,119C㎡,경기도 구리시 인창동 576-40,경기도 구리시 응달말로40번길 1,135.0,0.0,,,,,
신동흥,133,경기도 구리시 인창동 576-40,경기도 구리시 응달말로40번길 1,135.0,0.0,91500,,,,
아름마을LG,79㎡,경기도 구리시 인창동 640-1,경기도 구리시 동구릉로53번길 67,482.0,0.0,51000.0,"5억 7,000~6억","3억~3억 3,000",,
아름마을LG,107㎡,경기도 구리시 인창동 640-1,경기도 구리시 동구릉로53번길 67,482.0,0.0,91500.0,6억~7억,"3억 5,000",,
아름마을LG,149,경기도 구리시 인창동 640-1,경기도 구리시 동구릉로53번길 67,482.0,0.0,91500.0,,"4억 5,000",2억/120,2억/120
아름마을성원1차,85㎡,경기도 구리시 인창동 528-1,경기도 구리시 동구릉로53번길 87,190.0,0.0,51000.0,"4억 8,000~5억",,,
아름마을성원1차,109,경기도 구리시 인창동 528-1,경기도 구리시 동구릉로53번길 87,190.0,0.0,91500.0,"5억 5,000~6억 5,000",,,
아름마을원일,63㎡,경기도 구리시 인창동 651-27,경기도 구리시 동구릉로85번길 17,777.0,0.0,51000.0,"3억 6,000~4억 9,000","2억 5,000~2억 9,000",,
아름마을원일,81㎡,경기도 구리시 인창동 651-27,경기도 구리시 동구릉로85번길 17,777.0,0.0,91500.0,"5억 5,000~6억 1,000",3억,,
아름마을원일,108㎡,경기도 구리시 인창동 651-27,경기도 구리시 동구릉로85번길 17,777.0,0.0,91500.0,"6억~7억 2,000","3억 5,000~4억 5,000",2억/60~2억/70,2억/60~2억/70
아름마을원일,168㎡,경기도 구리시 인창동 651-27,경기도 구리시 동구릉로85번길 17,777.0,0.0,103500.0,"8억 5,000~12억",,,
아름마을원일,209㎡,경기도 구리시 인창동 651-27,경기도 구리시 동구릉로85번길 17,777.0,0.0,103500.0,,,,
아름마을원일,215,경기도 구리시 인창동 651-27,경기도 구리시 동구릉로85번길 17,777.0,0.0,,,,,
아름마을인창래미안,78A㎡,경기도 구리시 인창동 487-1,경기도 구리시 동구릉로85번길 63,816.0,0.0,51000.0,"5억 6,000~7억","3억 3,000~3억 5,000","1억 5,000/50","1억 5,000/50"
아름마을인창래미안,79B㎡,경기도 구리시 인창동 487-1,경기도 구리시 동구릉로85번길 63,816.0,0.0,91500.0,"5억 5,000~7억","2억 7,000~3억 3,000",2억/30,2억/30
아름마을인창래미안,110㎡,경기도 구리시 인창동 487-1,경기도 구리시 동구릉로85번길 63,816.0,0.0,91500.0,"6억 2,000~7억 8,000","3억~4억 5,000",1억/100~2억/100,1억/100~2억/100
아름마을인창래미안,112A㎡,경기도 구리시 인창동 487-1,경기도 구리시 동구릉로85번길 63,816.0,0.0,103500.0,"6억 1,000~6억 4,000","3억 2,000~4억 2,000","5,000/150~2억 8,000/30","5,000/150~2억 8,000/30"
아름마을인창래미안,112B,경기도 구리시 인창동 487-1,경기도 구리시 동구릉로85번길 63,816.0,0.0,103500.0,,,,
아름마을일신건영1차,81㎡,경기도 구리시 인창동 487-32,경기도 구리시 동구릉로 93,441.0,0.0,51000.0,"5억 8,500~6억 3,000",3억,1억/65,1억/65
아름마을일신건영1차,111㎡,경기도 구리시 인창동 487-32,경기도 구리시 동구릉로 93,441.0,0.0,91500.0,"7억~8억 5,000",,,
아름마을일신건영1차,164,경기도 구리시 인창동 487-32,경기도 구리시 동구릉로 93,441.0,0.0,91500.0,"8억 8,000~10억","4억 8,000~6억",,
아름마을일신건영2차,80㎡,경기도 구리시 인창동 487-51,경기도 구리시 동구릉로85번길 52,189.0,0.0,51000.0,5억~6억,,,
아름마을일신건영2차,111㎡,경기도 구리시 인창동 487-51,경기도 구리시 동구릉로85번길 52,189.0,0.0,91500.0,"6억 2,000",,"5,000/150","5,000/150"
아름마을일신건영2차,142㎡,경기도 구리시 인창동 487-51,경기도 구리시 동구릉로85번길 52,189.0,0.0,91500.0,"8억 8,000",,,
아름마을일신건영2차,149,경기도 구리시 인창동 487-51,경기도 구리시 동구릉로85번길 52,189.0,0.0,103500.0,,,,
우림,64A㎡,경기도 구리시 인창동 632-2,경기도 구리시 인창2로63번길 23,37.0,0.0,51000.0,,,,
우림,66B㎡,경기도 구리시 인창동 632-2,경기도 구리시 인창2로63번길 23,37.0,0.0,91500.0,,,,
우림,70A㎡,경기도 구리시 인창동 632-2,경기도 구리시 인창2로63번길 23,37.0,0.0,91500.0,"2억 4,000",,"5,000/60","5,000/60"
우림,70B㎡,경기도 구리시 인창동 632-2,경기도 구리시 인창2로63번길 23,37.0,0.0,103500.0,,,,
우림,71A㎡,경기도 구리시 인창동 632-2,경기도 구리시 인창2로63번길 23,37.0,0.0,103500.0,,,,
우림,73B㎡,경기도 구리시 인창동 632-2,경기도 구리시 인창2로63번길 23,37.0,0.0,,,,,
우림,73C㎡,경기도 구리시 인창동 632-2,경기도 구리시 인창2로63번길 23,37.0,0.0,,,,,
우림,73D㎡,경기도 구리시 인창동 632-2,경기도 구리시 인창2로63번길 23,37.0,0.0,,,,,
우림,75A㎡,경기도 구리시 인창동 632-2,경기도 구리시 인창2로63번길 23,37.0,0.0,,,,,
우림,75B,경기도 구리시 인창동 632-2,경기도 구리시 인창2로63번길 23,37.0,0.0,,,,,
우방아이유쉘,104A㎡,경기도 구리시 인창동 480,경기도 구리시 동구릉로159번길 30,119.0,0.0,51000.0,"6억 6,000","3억 8,000~4억 5,000",,
우방아이유쉘,104B,경기도 구리시 인창동 480,경기도 구리시 동구릉로159번길 30,119.0,0.0,91500.0,"6억 8,000~7억",,,
원일가대라곡,83㎡,경기도 구리시 인창동 691,경기도 구리시 동구릉로148번길 15,533.0,0.0,51000.0,"6억 5,000~7억","2억 9,000~3억 1,000","5,000/110~2억 3,000/20","5,000/110~2억 3,000/20"
원일가대라곡,88㎡,경기도 구리시 인창동 691,경기도 구리시 동구릉로148번길 15,533.0,0.0,91500.0,"7억 5,000","3억~3억 1,000","5,000/100","5,000/100"
원일가대라곡,114㎡,경기도 구리시 인창동 691,경기도 구리시 동구릉로148번길 15,533.0,0.0,91500.0,"8억 5,000~9억","3억 5,000~4억 2,000","1억/90~1억 3,000/75","1억/90~1억 3,000/75"
원일가대라곡,163,경기도 구리시 인창동 691,경기도 구리시 동구릉로148번길 15,533.0,0.0,103500.0,"10억 5,000",,,
이건필그린,67㎡,경기도 구리시 인창동 640-12,경기도 구리시 인창2로 59,141.0,0.0,51000.0,,"2억 8,000",,
이건필그린,71B㎡,경기도 구리시 인창동 640-12,경기도 구리시 인창2로 59,141.0,0.0,103500.0,,,,
이건필그린,71C㎡,경기도 구리시 인창동 640-12,경기도 구리시 인창2로 59,141.0,0.0,,"2억 8,000",,,
이건필그린,72㎡,경기도 구리시 인창동 640-12,경기도 구리시 인창2로 59,141.0,0.0,91500,,"2억 5,000~2억 8,000","1억 5,000/50","1억 5,000/50"
이건필그린,72A㎡,경기도 구리시 인창동 640-12,경기도 구리시 인창2로 59,141.0,0.0,91500,,,,
이건필그린,72D㎡,경기도 구리시 인창동 640-12,경기도 구리시 인창2로 59,141.0,0.0,,,,,
이건필그린,73B㎡,경기도 구리시 인창동 640-12,경기도 구리시 인창2로 59,141.0,0.0,,,,,
이건필그린,74C㎡,경기도 구리시 인창동 640-12,경기도 구리시 인창2로 59,141.0,0.0,103500,,"2억 8,000",2억/30,2억/30
이건필그린,78B㎡,경기도 구리시 인창동 640-12,경기도 구리시 인창2로 59,141.0,0.0,,,,,
이건필그린,78C㎡,경기도 구리시 인창동 640-12,경기도 구리시 인창2로 59,141.0,0.0,,,,,
이건필그린,79A,경기도 구리시 인창동 640-12,경기도 구리시 인창2로 59,141.0,0.0,,"3억 5,000",,,
인창1단지주공,54㎡,경기도 구리시 인창동 663-1,경기도 구리시 건원대로 92,1344.0,0.0,51000.0,"5억~5억 5,000","2억 1,000~2억 8,000","2,000/70","2,000/70"
인창1단지주공,79㎡,경기도 구리시 인창동 663-1,경기도 구리시 건원대로 92,1344.0,0.0,91500.0,"5억 4,500~7억 2,000","2억 5,000~3억 5,000","3,000/100~2억 1,000/40","3,000/100~2억 1,000/40"
인창1단지주공,82A㎡,경기도 구리시 인창동 663-1,경기도 구리시 건원대로 92,1344.0,0.0,91500.0,"5억 8,000~6억 1,000","2억 4,000~3억 1,000","5,000/90~2억 1,000/30","5,000/90~2억 1,000/30"
인창1단지주공,83B㎡,경기도 구리시 인창동 663-1,경기도 구리시 건원대로 92,1344.0,0.0,103500.0,"5억 3,000~6억 5,000","3억~3억 2,000",,
인창1단지주공,87,경기도 구리시 인창동 663-1,경기도 구리시 건원대로 92,1344.0,0.0,103500.0,"6억~6억 2,000","2억 6,000~3억 3,000","3,000/100~2억/50","3,000/100~2억/50"
인창2단지주공,57㎡,경기도 구리시 인창동 664-1,경기도 구리시 건원대로76번길 39,1229.0,0.0,51000.0,"5억 2,000~5억 5,000",,,
인창2단지주공,72㎡,경기도 구리시 인창동 664-1,경기도 구리시 건원대로76번길 39,1229.0,0.0,91500.0,"4억 9,500~6억 5,000","2억 3,000~2억 4,000",,
인창2단지주공,108,경기도 구리시 인창동 664-1,경기도 구리시 건원대로76번길 39,1229.0,0.0,91500.0,"7억~8억 6,000","3억 3,000~4억 4,000","5,000/120~2억 6,000/45","5,000/120~2억 6,000/45"
인창4단지주공,54㎡,경기도 구리시 인창동 666-1,경기도 구리시 건원대로76번길 134,1408.0,0.0,51000.0,"4억 9,000~5억 5,000","2억 1,000","2,000/80~1억 7,000/20","2,000/80~1억 7,000/20"
인창4단지주공,67㎡,경기도 구리시 인창동 666-1,경기도 구리시 건원대로76번길 134,1408.0,0.0,91500.0,"5억~5억 5,000",,,
인창4단지주공,79A㎡,경기도 구리시 인창동 666-1,경기도 구리시 건원대로76번길 134,1408.0,0.0,91500.0,"4억 9,000~7억 5,000","2억 5,000~3억 2,000","5,000/100~2억 3,000/20","5,000/100~2억 3,000/20"
인창4단지주공,79B㎡,경기도 구리시 인창동 666-1,경기도 구리시 건원대로76번길 134,1408.0,0.0,,"4억 9,000~6억 9,000","2억 6,000~3억 4,000",,
인창4단지주공,82A㎡,경기도 구리시 인창동 666-1,경기도 구리시 건원대로76번길 134,1408.0,0.0,103500,"4억 9,000~7억",,,
인창4단지주공,82B㎡,경기도 구리시 인창동 666-1,경기도 구리시 건원대로76번길 134,1408.0,0.0,,"5억 7,000~6억","2억 4,000~3억","1억 2,000/40","1억 2,000/40"
인창4단지주공,89,경기도 구리시 인창동 666-1,경기도 구리시 건원대로76번길 134,1408.0,0.0,103500,"5억~6억 8,000",,,
인창5단지삼환신일,124(신일)㎡,경기도 구리시 인창동 667-1,경기도 구리시 건원대로34번길 51,552.0,1.0,51000.0,8억,"5억 5,000",,
인창5단지삼환신일,124(삼환)㎡,경기도 구리시 인창동 667-1,경기도 구리시 건원대로34번길 51,552.0,1.0,91500.0,"9억 5,000","4억 7,000~5억",,
인창5단지삼환신일,150(삼환)㎡,경기도 구리시 인창동 667-1,경기도 구리시 건원대로34번길 51,552.0,1.0,103500.0,10억,,,
인창5단지삼환신일,150(신일),경기도 구리시 인창동 667-1,경기도 구리시 건원대로34번길 51,552.0,1.0,91500.0,13억,,,
인창6단지주공,59㎡,경기도 구리시 인창동 668-1,경기도 구리시 건원대로34번길 77,1018.0,0.0,51000.0,5억~6억 700,"2억 7,000","5,000/85~1억/40","5,000/85~1억/40"
인창6단지주공,72㎡,경기도 구리시 인창동 668-1,경기도 구리시 건원대로34번길 77,1018.0,0.0,91500.0,"5억 9,000~6억","2억 7,000~2억 8,000",1억/65,1억/65
인창6단지주공,78㎡,경기도 구리시 인창동 668-1,경기도 구리시 건원대로34번길 77,1018.0,0.0,91500.0,"6억~6억 8,000","2억 7,000~3억 4,000","3,000/95~2억/50","3,000/95~2억/50"
인창6단지주공,82B㎡,경기도 구리시 인창동 668-1,경기도 구리시 건원대로34번길 77,1018.0,0.0,,"5억 9,000~6억 3,500","2억 5,800","1억 6,000/55","1억 6,000/55"
인창6단지주공,83A㎡,경기도 구리시 인창동 668-1,경기도 구리시 건원대로34번길 77,1018.0,0.0,103500,,,,
인창6단지주공,86,경기도 구리시 인창동 668-1,경기도 구리시 건원대로34번길 77,1018.0,0.0,103500,"6억 5,000~7억 5,000","2억 6,500~2억 8,000","5,000/100","5,000/100"
인창e-편한세상1차,79㎡,경기도 구리시 인창동 309-6,경기도 구리시 동구릉로 64,154.0,0.0,51000.0,"5억 5,000~5억 9,000",,,
인창e-편한세상1차,106㎡,경기도 구리시 인창동 309-6,경기도 구리시 동구릉로 64,154.0,0.0,91500.0,"6억 8,000~7억 5,000","3억 8,000~4억 7,000","9,000/150~2억/100","9,000/150~2억/100"
인창e-편한세상1차,122,경기도 구리시 인창동 309-6,경기도 구리시 동구릉로 64,154.0,0.0,91500.0,,,,
인창e-편한세상2차,79㎡,경기도 구리시 인창동 705,경기도 구리시 동구릉로129번길 23,621.0,0.0,51000.0,8억,"3억 8,000~4억","5,000/100~1억 5,000/110","5,000/100~1억 5,000/110"
인창e-편한세상2차,81㎡,경기도 구리시 인창동 705,경기도 구리시 동구릉로129번길 23,621.0,0.0,91500.0,"7억~8억 5,000","3억~4억 1,000","5,000/100~1억/95","5,000/100~1억/95"
인창e-편한세상2차,107㎡,경기도 구리시 인창동 705,경기도 구리시 동구릉로129번길 23,621.0,0.0,91500.0,"7억 5,000~10억","4억 1,000~4억 8,000",,
인창e-편한세상2차,110㎡,경기도 구리시 인창동 705,경기도 구리시 동구릉로129번길 23,621.0,0.0,103500.0,,"4억 2,000","3억 4,000/50","3억 4,000/50"
인창e-편한세상2차,143,경기도 구리시 인창동 705,경기도 구리시 동구릉로129번길 23,621.0,0.0,103500.0,"14억 7,000","5억~5억 5,000","3억 6,000/60","3억 6,000/60"
인창풍림아이원,106A㎡,경기도 구리시 인창동 712,경기도 구리시 동구릉로159번길 8,98.0,0.0,91500.0,"7억 5,000","3억 6,000",,
인창풍림아이원,106D㎡,경기도 구리시 인창동 712,경기도 구리시 동구릉로159번길 8,98.0,0.0,51000.0,,,,
인창풍림아이원,107B㎡,경기도 구리시 인창동 712,경기도 구리시 동구릉로159번길 8,98.0,0.0,91500.0,,,,
인창풍림아이원,107C㎡,경기도 구리시 인창동 712,경기도 구리시 동구릉로159번길 8,98.0,0.0,103500.0,,,,
인창풍림아이원,133,경기도 구리시 인창동 712,경기도 구리시 동구릉로159번길 8,98.0,0.0,103500.0,"9억 7,000","5억 5,000",,
정은스카이빌,90㎡,경기도 구리시 인창동 710,경기도 구리시 응달말로52번길 10,89.0,0.0,51000.0,,,,
정은스카이빌,106A㎡,경기도 구리시 인창동 710,경기도 구리시 응달말로52번길 10,89.0,0.0,91500.0,,,,
정은스카이빌,108B㎡,경기도 구리시 인창동 710,경기도 구리시 응달말로52번길 10,89.0,0.0,91500.0,7억,,,
정은스카이빌,109㎡,경기도 구리시 인창동 710,경기도 구리시 응달말로52번길 10,89.0,0.0,103500.0,,,,
정은스카이빌,109C,경기도 구리시 인창동 710,경기도 구리시 응달말로52번길 10,89.0,0.0,103500.0,"6억 4,000",,,
클레시움더테라스하우스(도시형),71C㎡,경기도 구리시 인창동 715,경기도 구리시 동구릉로200번길 90,132.0,0.0,103500.0,,,,
클레시움더테라스하우스(도시형),71A㎡,경기도 구리시 인창동 715,경기도 구리시 동구릉로200번길 90,132.0,0.0,91500.0,,,,
클레시움더테라스하우스(도시형),71B㎡,경기도 구리시 인창동 715,경기도 구리시 동구릉로200번길 90,132.0,0.0,91500.0,,,,
클레시움더테라스하우스(도시형),72D㎡,경기도 구리시 인창동 715,경기도 구리시 동구릉로200번길 90,132.0,0.0,103500.0,,,,
클레시움더테라스하우스(도시형),72F㎡,경기도 구리시 인창동 715,경기도 구리시 동구릉로200번길 90,132.0,0.0,,,,,
클레시움더테라스하우스(도시형),72G㎡,경기도 구리시 인창동 715,경기도 구리시 동구릉로200번길 90,132.0,0.0,,"4억 3,000",,,
클레시움더테라스하우스(도시형),73E㎡,경기도 구리시 인창동 715,경기도 구리시 동구릉로200번길 90,132.0,0.0,,,,,
클레시움더테라스하우스(도시형),73H㎡,경기도 구리시 인창동 715,경기도 구리시 동구릉로200번길 90,132.0,0.0,,,,,
클레시움더테라스하우스(도시형),74I㎡,경기도 구리시 인창동 715,경기도 구리시 동구릉로200번길 90,132.0,0.0,,,,,
클레시움더테라스하우스(도시형),75B㎡,경기도 구리시 인창동 715,경기도 구리시 동구릉로200번길 90,132.0,0.0,,,,,
클레시움더테라스하우스(도시형),75A㎡,경기도 구리시 인창동 715,경기도 구리시 동구릉로200번길 90,132.0,0.0,,,,,
클레시움더테라스하우스(도시형),76E㎡,경기도 구리시 인창동 715,경기도 구리시 동구릉로200번길 90,132.0,0.0,,,,,
클레시움더테라스하우스(도시형),76C㎡,경기도 구리시 인창동 715,경기도 구리시 동구릉로200번길 90,132.0,0.0,,"3억 5,000",,,
클레시움더테라스하우스(도시형),77F㎡,경기도 구리시 인창동 715,경기도 구리시 동구릉로200번길 90,132.0,0.0,,,3억,,
클레시움더테라스하우스(도시형),77B㎡,경기도 구리시 인창동 715,경기도 구리시 동구릉로200번길 90,132.0,0.0,,,,,
클레시움더테라스하우스(도시형),77G㎡,경기도 구리시 인창동 715,경기도 구리시 동구릉로200번길 90,132.0,0.0,,,,,
클레시움더테라스하우스(도시형),77D㎡,경기도 구리시 인창동 715,경기도 구리시 동구릉로200번길 90,132.0,0.0,,,,,
클레시움더테라스하우스(도시형),77H㎡,경기도 구리시 인창동 715,경기도 구리시 동구릉로200번길 90,132.0,0.0,,,,,
클레시움더테라스하우스(도시형),79A㎡,경기도 구리시 인창동 715,경기도 구리시 동구릉로200번길 90,132.0,0.0,,,,,
클레시움더테라스하우스(도시형),79C㎡,경기도 구리시 인창동 715,경기도 구리시 동구릉로200번길 90,132.0,0.0,,,,,
클레시움더테라스하우스(도시형),80D㎡,경기도 구리시 인창동 715,경기도 구리시 동구릉로200번길 90,132.0,0.0,,,,,
클레시움더테라스하우스(도시형),80E㎡,경기도 구리시 인창동 715,경기도 구리시 동구릉로200번길 90,132.0,0.0,51000,,,,
클레시움더테라스하우스(도시형),81B㎡,경기도 구리시 인창동 715,경기도 구리시 동구릉로200번길 90,132.0,0.0,,"4억 5,000",,,
클레시움더테라스하우스(도시형),81A㎡,경기도 구리시 인창동 715,경기도 구리시 동구릉로200번길 90,132.0,0.0,,,,,
클레시움더테라스하우스(도시형),82E㎡,경기도 구리시 인창동 715,경기도 구리시 동구릉로200번길 90,132.0,0.0,,,,,
클레시움더테라스하우스(도시형),83F㎡,경기도 구리시 인창동 715,경기도 구리시 동구릉로200번길 90,132.0,0.0,,,,,
클레시움더테라스하우스(도시형),83C㎡,경기도 구리시 인창동 715,경기도 구리시 동구릉로200번길 90,132.0,0.0,,,,,
클레시움더테라스하우스(도시형),84A㎡,경기도 구리시 인창동 715,경기도 구리시 동구릉로200번길 90,132.0,0.0,,,,,
클레시움더테라스하우스(도시형),84C㎡,경기도 구리시 인창동 715,경기도 구리시 동구릉로200번길 90,132.0,0.0,,,,,
클레시움더테라스하우스(도시형),84D㎡,경기도 구리시 인창동 715,경기도 구리시 동구릉로200번길 90,132.0,0.0,,,,,
클레시움더테라스하우스(도시형),85B㎡,경기도 구리시 인창동 715,경기도 구리시 동구릉로200번길 90,132.0,0.0,,,,,
클레시움더테라스하우스(도시형),86D㎡,경기도 구리시 인창동 715,경기도 구리시 동구릉로200번길 90,132.0,0.0,,,,,
클레시움더테라스하우스(도시형),87E㎡,경기도 구리시 인창동 715,경기도 구리시 동구릉로200번길 90,132.0,0.0,,,,,
클레시움더테라스하우스(도시형),88A㎡,경기도 구리시 인창동 715,경기도 구리시 동구릉로200번길 90,132.0,0.0,,,,,
클레시움더테라스하우스(도시형),89B㎡,경기도 구리시 인창동 715,경기도 구리시 동구릉로200번길 90,132.0,0.0,,,,,
클레시움더테라스하우스(도시형),89C㎡,경기도 구리시 인창동 715,경기도 구리시 동구릉로200번길 90,132.0,0.0,,,,,
클레시움더테라스하우스(도시형),91㎡,경기도 구리시 인창동 715,경기도 구리시 동구릉로200번길 90,132.0,0.0,,,,,
클레시움더테라스하우스(도시형),95C㎡,경기도 구리시 인창동 715,경기도 구리시 동구릉로200번길 90,132.0,0.0,,,,,
클레시움더테라스하우스(도시형),95A㎡,경기도 구리시 인창동 715,경기도 구리시 동구릉로200번길 90,132.0,0.0,,,,,
클레시움더테라스하우스(도시형),95B㎡,경기도 구리시 인창동 715,경기도 구리시 동구릉로200번길 90,132.0,0.0,,"3억 5,000",,,
클레시움더테라스하우스(도시형),96D㎡,경기도 구리시 인창동 715,경기도 구리시 동구릉로200번길 90,132.0,0.0,,,,,
클레시움더테라스하우스(도시형),96E㎡,경기도 구리시 인창동 715,경기도 구리시 동구릉로200번길 90,132.0,0.0,,,,,
클레시움더테라스하우스(도시형),97A㎡,경기도 구리시 인창동 715,경기도 구리시 동구릉로200번길 90,132.0,0.0,,,,,
클레시움더테라스하우스(도시형),99B㎡,경기도 구리시 인창동 715,경기도 구리시 동구릉로200번길 90,132.0,0.0,,5억,,,
클레시움더테라스하우스(도시형),99C㎡,경기도 구리시 인창동 715,경기도 구리시 동구릉로200번길 90,132.0,0.0,,,,,
클레시움더테라스하우스(도시형),99D㎡,경기도 구리시 인창동 715,경기도 구리시 동구릉로200번길 90,132.0,0.0,,,,,
클레시움더테라스하우스(도시형),102E,경기도 구리시 인창동 715,경기도 구리시 동구릉로200번길 90,132.0,0.0,,,,,
포스필,92㎡,경기도 구리시 인창동 605-36,경기도 구리시 응달말로 23-1,36.0,0.0,51000.0,,,,
포스필,97㎡,경기도 구리시 인창동 605-36,경기도 구리시 응달말로 23-1,36.0,0.0,91500.0,,,,
포스필,103㎡,경기도 구리시 인창동 605-36,경기도 구리시 응달말로 23-1,36.0,0.0,91500.0,,,,
포스필,106,경기도 구리시 인창동 605-36,경기도 구리시 응달말로 23-1,36.0,0.0,103500.0,7억,,,
한진,80㎡,경기도 구리시 인창동 29,경기도 구리시 동구릉로238번길 20,953.0,0.0,51000.0,"4억 2,000~6억","2억 8,000~3억 5,000",,
한진,108,경기도 구리시 인창동 29,경기도 구리시 동구릉로238번길 20,953.0,0.0,91500.0,"5억 8,000~7억 2,000",3억~4억,"1억/60~1억 7,000/50","1억/60~1억 7,000/50"
한창그린,73A㎡,경기도 구리시 인창동 632-3,경기도 구리시 인창2로63번길 25,32.0,0.0,51000.0,,,,
한창그린,73B㎡,경기도 구리시 인창동 632-3,경기도 구리시 인창2로63번길 25,32.0,0.0,91500.0,,,,
한창그린,73D㎡,경기도 구리시 인창동 632-3,경기도 구리시 인창2로63번길 25,32.0,0.0,103500.0,,,,
한창그린,74C,경기도 구리시 인창동 632-3,경기도 구리시 인창2로63번길 25,32.0,0.0,91500.0,,,,
현대,111㎡,경기도 구리시 인창동 508,경기도 구리시 동구릉로 114,598.0,0.0,51000.0,"7억 8,000~9억 5,000","3억 7,000~5억","7,000/120~2억/80","7,000/120~2억/80"
현대,160,경기도 구리시 인창동 508,경기도 구리시 동구릉로 114,598.0,0.0,91500.0,12억,"4억 5,000~6억",2억/150,2억/150
"SK,신일",114A㎡,경기도 구리시 토평동 1008,경기도 구리시 검배로 142,492.0,0.0,74000.0,"7억 2,000~8억 7,000","3억 9,000~4억 9,000","1억 7,000/120~2억/100","1억 7,000/120~2억/100"
"SK,신일",115B,경기도 구리시 토평동 1008,경기도 구리시 검배로 142,492.0,0.0,74000.0,"7억 5,000~8억 3,000","4억 3,000~4억 5,000",,
삼성,131B㎡,경기도 구리시 토평동 960,경기도 구리시 장자대로111번길 12,402.0,0.0,74000.0,"11억~12억 5,000","5억 5,000",4억/80,4억/80
삼성,131A㎡,경기도 구리시 토평동 960,경기도 구리시 장자대로111번길 12,402.0,0.0,74000.0,10억,7억,,
삼성,149㎡,경기도 구리시 토평동 960,경기도 구리시 장자대로111번길 12,402.0,0.0,,"11억 5,000~14억",6억~8억,2억/180~4억/140,2억/180~4억/140
삼성,169,경기도 구리시 토평동 960,경기도 구리시 장자대로111번길 12,402.0,0.0,,"15억~15억 5,000",,,
상록,116,경기도 구리시 토평동 959,경기도 구리시 장자대로111번길 56,488.0,0.0,74000.0,"8억 1,000~10억 5,000","4억 2,000~5억 5,000","6,000/150~4억/20","6,000/150~4억/20"
신명스카이뷰,102B㎡,경기도 구리시 토평동 262-1,경기도 구리시 이문안로152번길 11,77.0,0.0,74000.0,7억,,,
신명스카이뷰,102A,경기도 구리시 토평동 262-1,경기도 구리시 이문안로152번길 11,77.0,0.0,74000.0,"6억 4,000~7억 4,000",,,
영풍마드레빌2차,107,경기도 구리시 토평동 1011,경기도 구리시 검배로 132,83.0,0.0,74000.0,"6억 2,000~7억 7,000",,"1억 5,000/90","1억 5,000/90"
우남,84,경기도 구리시 토평동 1009,경기도 구리시 검배로 154,252.0,0.0,74000.0,"5억 5,000~9억 8,000","3억 5,000~4억 2,000","8,000/100~4억 2,000/30","8,000/100~4억 2,000/30"
유진스웰,114㎡,경기도 구리시 토평동 269-1,경기도 구리시 벌말로 129,85.0,0.0,74000.0,"6억~8억 6,000","3억 8,000~5억","3억 3,000/30","3억 3,000/30"
유진스웰,135,경기도 구리시 토평동 269-1,경기도 구리시 벌말로 129,85.0,0.0,,,,,
토평마을e편한세상,115,경기도 구리시 토평동 955,경기도 구리시 장자호수길 125,678.0,0.0,74000.0,"9억 5,000~13억","4억 2,000~7억",4억/70,4억/70
한일,85,경기도 구리시 토평동 961,경기도 구리시 장자대로111번길 11,526.0,0.0,74000.0,"7억~8억 8,000","2억 9,000~5억","7,000/100~2억 9,000/10","7,000/100~2억 9,000/10"
